[{"model": "accounts.customuser", "pk": 1, "fields": {"password": "pbkdf2_sha256$36000$WvjvgoeDlSoR$tblnL+0/YmFK5u+QVftK8oZ5KSJfI+PzQOtQ+2Hgo98=", "email": "chriss@gmail.com", "user_role": "U", "is_active": true, "is_staff": true, "is_superuser": true, "date_joined": "2018-05-12T03:30:14.422Z", "last_login": "2018-05-19T21:52:37.478Z", "activation_key": 1, "activation_key_expirity": "2018-05-12T03:30:14.422Z"}}, {"model": "accounts.customuser", "pk": 2, "fields": {"password": "pbkdf2_sha256$36000$P4K8Fdz3q0bZ$kLiaeYxRjRHlwn7Z2ydwp7HW7BfFfa6GT4l8mRkzjMw=", "email": "cristwinshoo@gmail.com", "user_role": "U", "is_active": true, "is_staff": false, "is_superuser": false, "date_joined": "2018-05-12T03:48:13.977Z", "last_login": "2018-05-19T21:55:04.701Z", "activation_key": 109911, "activation_key_expirity": "2018-05-14T03:48:14.021Z"}}, {"model": "accounts.customuser", "pk": 3, "fields": {"password": "pbkdf2_sha256$36000$yFBRVX2bP7om$7ZC/S2Az3xt2yfKdFH3qYcBMzeG9nbbGRR15z39w3VU=", "email": "lisa@gmail.com", "user_role": "U", "is_active": true, "is_staff": false, "is_superuser": false, "date_joined": "2018-05-12T14:58:57.321Z", "last_login": "2018-05-18T14:14:41.183Z", "activation_key": 1, "activation_key_expirity": "2018-05-12T14:58:57.321Z"}}, {"model": "accounts.customuser", "pk": 4, "fields": {"password": "pbkdf2_sha256$36000$eNvsIyLt9RJE$DI36SSYPsvZGFbo8biE3jieS6h9b3IYbmbiOc9RV54w=", "email": "joan@gmail.com", "user_role": "U", "is_active": true, "is_staff": false, "is_superuser": false, "date_joined": "2018-05-12T14:59:24.798Z", "last_login": "2018-05-12T14:59:24.798Z", "activation_key": 1, "activation_key_expirity": "2018-05-12T14:59:24.798Z"}}, {"model": "accounts.customuser", "pk": 5, "fields": {"password": "pbkdf2_sha256$36000$M5uQU9lmQvNl$xfu4TA6AORrjJ55f0WQ0LVInCGJ9Px5+/G9M0zobQeo=", "email": "mariam@gmail.com", "user_role": "U", "is_active": true, "is_staff": false, "is_superuser": false, "date_joined": "2018-05-12T14:59:49.423Z", "last_login": "2018-05-12T14:59:49.423Z", "activation_key": 1, "activation_key_expirity": "2018-05-12T14:59:49.423Z"}}, {"model": "accounts.customuser", "pk": 6, "fields": {"password": "pbkdf2_sha256$36000$gfNr32XRU1Jx$CIyJdq7z8TNAq09waqqq58xAAc58IR+8NcKo4Oi30j8=", "email": "muhimbili@gmail.com", "user_role": "I", "is_active": true, "is_staff": false, "is_superuser": false, "date_joined": "2018-05-12T15:00:22.187Z", "last_login": "2018-05-12T15:00:22.187Z", "activation_key": 1, "activation_key_expirity": "2018-05-12T15:00:22.187Z"}}, {"model": "accounts.userprofile", "pk": 1, "fields": {"user": 1, "first_name": "sara", "last_name": "klause", "profile_picture": "", "bio": "", "date_of_birth": "2018-05-12", "geder": "F"}}, {"model": "accounts.userprofile", "pk": 2, "fields": {"user": 2, "first_name": "criss", "last_name": "autobot", "profile_picture": "", "bio": "", "date_of_birth": "2018-05-12", "geder": "M"}}, {"model": "accounts.userprofile", "pk": 3, "fields": {"user": 3, "first_name": "lisa", "last_name": "grey", "profile_picture": "", "bio": "lisa girl", "date_of_birth": "2018-05-12", "geder": "F"}}, {"model": "accounts.userprofile", "pk": 4, "fields": {"user": 4, "first_name": "joan", "last_name": "francis", "profile_picture": "", "bio": "", "date_of_birth": "2018-05-12", "geder": "F"}}, {"model": "accounts.userprofile", "pk": 5, "fields": {"user": 5, "first_name": "mariam", "last_name": "kiria", "profile_picture": "", "bio": "my bio", "date_of_birth": "2018-05-12", "geder": "F"}}, {"model": "accounts.instituteprofile", "pk": 1, "fields": {"institute": 6, "category": 1, "name": "Muhimbili", "cover_image": "cp.JPG", "bio": "national hospital", "services": "services", "location": "muhimbili"}}, {"model": "accounts.userfollow", "pk": 1, "fields": {"following": 2, "followed": 4, "created_at": "2018-05-12T15:04:06Z"}}, {"model": "accounts.userfollow", "pk": 2, "fields": {"following": 2, "followed": 3, "created_at": "2018-05-12T15:04:15Z"}}, {"model": "accounts.userfollow", "pk": 3, "fields": {"following": 3, "followed": 2, "created_at": "2018-05-12T15:04:24Z"}}, {"model": "accounts.userfollow", "pk": 4, "fields": {"following": 4, "followed": 2, "created_at": "2018-05-12T15:04:31Z"}}, {"model": "accounts.userfollow", "pk": 5, "fields": {"following": 4, "followed": 5, "created_at": "2018-05-12T15:04:43Z"}}, {"model": "accounts.userfollow", "pk": 6, "fields": {"following": 1, "followed": 5, "created_at": "2018-05-12T15:04:53Z"}}, {"model": "accounts.userfollow", "pk": 7, "fields": {"following": 2, "followed": 5, "created_at": "2018-05-12T15:05:02Z"}}, {"model": "accounts.userfollow", "pk": 9, "fields": {"following": 2, "followed": 6, "created_at": "2018-05-12T15:06:15Z"}}, {"model": "accounts.userfollow", "pk": 10, "fields": {"following": 1, "followed": 6, "created_at": "2018-05-12T15:06:22Z"}}, {"model": "accounts.userfollow", "pk": 11, "fields": {"following": 3, "followed": 6, "created_at": "2018-05-12T15:06:30Z"}}, {"model": "accounts.userfollow", "pk": 12, "fields": {"following": 4, "followed": 6, "created_at": "2018-05-12T15:06:38Z"}}, {"model": "uliza.question", "pk": 1, "fields": {"author": 5, "category": "None", "quest_content": "why did they call me an idiot", "description": "i posted a question somewhere and they called me an idiot", "created_at": "2018-05-20T08:54:51Z", "following": 2, "answers": 3, "reports": 2}}, {"model": "uliza.question", "pk": 2, "fields": {"author": 2, "category": "EDITED", "quest_content": "why did they call me an idiot", "description": "i posted a question somewhere and they called me an idiot", "created_at": "2018-05-20T09:31:40.654Z", "following": 0, "answers": 0, "reports": 2}}, {"model": "uliza.answer", "pk": 1, "fields": {"author": 4, "answered_question": 1, "content": "<p>because you are an idot</p>", "created_at": "2018-05-20T08:55:19Z", "comments": 2, "reports": 2, "downvotes": 0, "upvotes": 2}}, {"model": "uliza.answer", "pk": 2, "fields": {"author": 2, "answered_question": 1, "content": "<p>because you are an idot</p>", "created_at": "2018-05-20T09:00:17.316Z", "comments": 0, "reports": 2, "downvotes": 0, "upvotes": 0}}, {"model": "uliza.answer", "pk": 3, "fields": {"author": 2, "answered_question": 1, "content": "<p>sorry i said it wrong, because you are an idiot</p>", "created_at": "2018-05-20T09:01:17.927Z", "comments": 0, "reports": 0, "downvotes": 0, "upvotes": 0}}, {"model": "uliza.answervote", "pk": 1, "fields": {"user": 3, "vote": 1, "voted_answer": 1, "voted_at": "2018-05-20T08:56:49Z"}}, {"model": "uliza.answervote", "pk": 2, "fields": {"user": 4, "vote": 1, "voted_answer": 1, "voted_at": "2018-05-20T08:57:00Z"}}, {"model": "uliza.reportedquestion", "pk": 1, "fields": {"question": 1, "report": 3, "report_reason": "what does it give to the society", "reported_at": "2018-05-20T08:59:22Z"}}, {"model": "uliza.reportedquestion", "pk": 2, "fields": {"question": 2, "report": 2, "report_reason": "it does not help", "reported_at": "2018-05-20T09:39:24.981Z"}}, {"model": "uliza.reportedanswer", "pk": 1, "fields": {"answer": 1, "report": 0, "report_reason": "she called soeone an idiot", "reported_at": "2018-05-20T08:58:56Z"}}, {"model": "uliza.reportedanswer", "pk": 2, "fields": {"answer": 2, "report": 1, "report_reason": "she called soeone an idiot", "reported_at": "2018-05-20T10:17:40.089Z"}}, {"model": "uliza.followedquestion", "pk": 1, "fields": {"question": 1, "following": 5, "followed_at": "2018-05-20T08:55:06.673Z"}}, {"model": "uliza.followedquestion", "pk": 2, "fields": {"question": 1, "following": 2, "followed_at": "2018-05-20T08:58:10Z"}}, {"model": "uliza.bookmark", "pk": 3, "fields": {"bookmarked_answer": 2, "bookmark_user": 2, "created_at": "2018-05-20T10:14:38.495Z"}}, {"model": "uliza.bookmark", "pk": 4, "fields": {"bookmarked_answer": 2, "bookmark_user": 6, "created_at": "2018-05-20T10:15:02Z"}}, {"model": "uliza.commenttoananswer", "pk": 1, "fields": {"author": 3, "answer": 1, "content": "<p>you can&#39;t say that to an idiot</p>", "created_at": "2018-05-20T08:57:35Z", "reports": 4}}, {"model": "uliza.commenttoananswer", "pk": 2, "fields": {"author": 2, "answer": 1, "content": "<p>you can&#39;t say that to an idiot, can you, ehh!!</p>", "created_at": "2018-05-20T09:54:15.392Z", "reports": 0}}, {"model": "uliza.reportedanswercomment", "pk": 1, "fields": {"comment": 1, "report": 1, "report_reason": "she just repeated what i said", "reported_at": "2018-05-20T08:58:25Z"}}, {"model": "uliza.reportedanswercomment", "pk": 2, "fields": {"comment": 1, "report": 1, "report_reason": "she just repeated what i said", "reported_at": "2018-05-20T10:18:17.929Z"}}, {"model": "article.article", "pk": 1, "fields": {"author": 6, "category": "GENERAL PUBLIC", "title": "LOREM IPSODUM DUMMY TEXT", "content": "<p>Lorem ipsum dolor sit amet, consectetuer adipiscing elit. Maecenas feugiat consequat diam. Maecenas metus. Vivamus diam purus, cursus a, commodo non, facilisis vitae, nulla. Aenean dictum lacinia tortor. Nunc iaculis, nibh non iaculis aliquam, orci felis euismod neque, sed ornare massa mauris sed velit. Nulla pretium mi et risus. Fusce mi pede, tempor id, cursus ac, ullamcorper nec, enim. Sed tortor. Curabitur molestie. Duis velit augue, condimentum at, ultrices a, luctus ut, orci. Donec pellentesque egestas eros. Integer cursus, augue in cursus faucibus, eros pede bibendum sem, in tempus tellus justo quis ligula. Etiam eget tortor. Vestibulum rutrum, est ut placerat elementum, lectus nisl aliquam velit, tempor aliquam eros nunc nonummy metus. In eros metus, gravida a, gravida sed, lobortis id, turpis. Ut ultrices, ipsum at venenatis fringilla, sem nulla lacinia tellus, eget aliquet turpis mauris non enim. Nam turpis. Suspendisse lacinia. Curabitur ac tortor ut ipsum egestas elementum. Nunc imperdiet gravida mauris.</p>", "upvotes": 2, "downvotes": 1, "comments": 6, "reports": 1, "created_at": "2018-05-12T15:12:53Z"}}, {"model": "article.article", "pk": 2, "fields": {"author": 4, "category": "GENERAL PUBLIC", "title": "Girl you know", "content": "<p>&bdquo;Lorem ipsum &hellip;&ldquo; ist ein Schmucktext (Dummy, Platzhaltertext, F&uuml;lltext) von Schriftsetzern aus dem 16. Jahrhundert, der sich bis heute in Web- und Grafikbereichen gehalten hat! Der Sinn dahinter: inhaltsleere Layouts mit einem absatz-formatierten Text f&uuml;llen, um einen Eindruck zu gewinnen, wie das Dokument mit Inhalt wirkt. Dabei ist &bdquo;Lorem ipsum&ldquo; im Gegensatz zu 1000 hintereinander kopierten &bdquo;test, test, test&ldquo; im Vorteil, weil durch den Text ein gleichm&auml;&szlig;iges, realistisches Schriftbild entsteht.</p>\r\n\r\n<p>Eine Reihe von Layout- und Design-Programmen bieten daher an, gezogene Textrahmen mit dem &bdquo;Lorem ipsum&ldquo;-Text zu f&uuml;llen.</p>", "upvotes": 0, "downvotes": 1, "comments": 4, "reports": 1, "created_at": "2018-05-12T15:13:43Z"}}, {"model": "article.article", "pk": 14, "fields": {"author": 6, "category": "REPUBLIC OF CODERS", "title": "ASUS ROG STRIX", "content": "this is the test post", "upvotes": 1, "downvotes": 0, "comments": 0, "reports": 0, "created_at": "2018-05-17T08:41:37.497Z"}}, {"model": "article.article", "pk": 15, "fields": {"author": 6, "category": "TESTING FOR VOTES", "title": "ASUS ROG STRIX", "content": "this is the test post", "upvotes": 1, "downvotes": 0, "comments": 0, "reports": 0, "created_at": "2018-05-17T13:23:58.037Z"}}, {"model": "article.article", "pk": 16, "fields": {"author": 4, "category": "GENERAL PUBLIC", "title": "Girl you know", "content": "<p>&bdquo;Lorem ipsum &hellip;&ldquo; ist ein Schmucktext (Dummy, Platzhaltertext, F&uuml;lltext) von Schriftsetzern aus dem 16. Jahrhundert, der sich bis heute in Web- und Grafikbereichen gehalten hat! Der Sinn dahinter: inhaltsleere Layouts mit einem absatz-formatierten Text f&uuml;llen, um einen Eindruck zu gewinnen, wie das Dokument mit Inhalt wirkt. Dabei ist &bdquo;Lorem ipsum&ldquo; im Gegensatz zu 1000 hintereinander kopierten &bdquo;test, test, test&ldquo; im Vorteil, weil durch den Text ein gleichm&auml;&szlig;iges, realistisches Schriftbild entsteht.</p>\r\n\r\n<p>Eine Reihe von Layout- und Design-Programmen bieten daher an, gezogene Textrahmen mit dem &bdquo;Lorem ipsum&ldquo;-Text zu f&uuml;llen.</p>", "upvotes": 1, "downvotes": 0, "comments": 0, "reports": 0, "created_at": "2018-05-17T18:28:44.099Z"}}, {"model": "article.article", "pk": 17, "fields": {"author": 4, "category": "GENERAL PUBLIC", "title": "LOREM IPSODUM DUMMY TEXT", "content": "<p>Lorem ipsum dolor sit amet, consectetuer adipiscing elit. Maecenas feugiat consequat diam. Maecenas metus. Vivamus diam purus, cursus a, commodo non, facilisis vitae, nulla. Aenean dictum lacinia tortor. Nunc iaculis, nibh non iaculis aliquam, orci felis euismod neque, sed ornare massa mauris sed velit. Nulla pretium mi et risus. Fusce mi pede, tempor id, cursus ac, ullamcorper nec, enim. Sed tortor. Curabitur molestie. Duis velit augue, condimentum at, ultrices a, luctus ut, orci. Donec pellentesque egestas eros. Integer cursus, augue in cursus faucibus, eros pede bibendum sem, in tempus tellus justo quis ligula. Etiam eget tortor. Vestibulum rutrum, est ut placerat elementum, lectus nisl aliquam velit, tempor aliquam eros nunc nonummy metus. In eros metus, gravida a, gravida sed, lobortis id, turpis. Ut ultrices, ipsum at venenatis fringilla, sem nulla lacinia tellus, eget aliquet turpis mauris non enim. Nam turpis. Suspendisse lacinia. Curabitur ac tortor ut ipsum egestas elementum. Nunc imperdiet gravida mauris.</p>", "upvotes": 0, "downvotes": 0, "comments": 0, "reports": 0, "created_at": "2018-05-17T19:21:44.154Z"}}, {"model": "article.article", "pk": 18, "fields": {"author": 2, "category": "GENERAL PUBLIC", "title": "LOREM IPSODUM DUMMY TEXT", "content": "<p>Lorem ipsum dolor sit amet, consectetuer adipiscing elit. Maecenas feugiat consequat diam. Maecenas metus. Vivamus diam purus, cursus a, commodo non, facilisis vitae, nulla. Aenean dictum lacinia tortor. Nunc iaculis, nibh non iaculis aliquam, orci felis euismod neque, sed ornare massa mauris sed velit. Nulla pretium mi et risus. Fusce mi pede, tempor id, cursus ac, ullamcorper nec, enim. Sed tortor. Curabitur molestie. Duis velit augue, condimentum at, ultrices a, luctus ut, orci. Donec pellentesque egestas eros. Integer cursus, augue in cursus faucibus, eros pede bibendum sem, in tempus tellus justo quis ligula. Etiam eget tortor. Vestibulum rutrum, est ut placerat elementum, lectus nisl aliquam velit, tempor aliquam eros nunc nonummy metus. In eros metus, gravida a, gravida sed, lobortis id, turpis. Ut ultrices, ipsum at venenatis fringilla, sem nulla lacinia tellus, eget aliquet turpis mauris non enim. Nam turpis. Suspendisse lacinia. Curabitur ac tortor ut ipsum egestas elementum. Nunc imperdiet gravida mauris.</p>", "upvotes": 0, "downvotes": 0, "comments": 0, "reports": 0, "created_at": "2018-05-17T19:22:01.012Z"}}, {"model": "article.article", "pk": 19, "fields": {"author": 2, "category": "GENERAL PUBLIC", "title": "LOREM IPSODUM DUMMY TEXT", "content": "<p>Lorem ipsum dolor sit amet, consectetuer adipiscing elit. Maecenas feugiat consequat diam. Maecenas metus. Vivamus diam purus, cursus a, commodo non, facilisis vitae, nulla. Aenean dictum lacinia tortor. Nunc iaculis, nibh non iaculis aliquam, orci felis euismod neque, sed ornare massa mauris sed velit. Nulla pretium mi et risus. Fusce mi pede, tempor id, cursus ac, ullamcorper nec, enim. Sed tortor. Curabitur molestie. Duis velit augue, condimentum at, ultrices a, luctus ut, orci. Donec pellentesque egestas eros. Integer cursus, augue in cursus faucibus, eros pede bibendum sem, in tempus tellus justo quis ligula. Etiam eget tortor. Vestibulum rutrum, est ut placerat elementum, lectus nisl aliquam velit, tempor aliquam eros nunc nonummy metus. In eros metus, gravida a, gravida sed, lobortis id, turpis. Ut ultrices, ipsum at venenatis fringilla, sem nulla lacinia tellus, eget aliquet turpis mauris non enim. Nam turpis. Suspendisse lacinia. Curabitur ac tortor ut ipsum egestas elementum. Nunc imperdiet gravida mauris.</p>", "upvotes": 0, "downvotes": 0, "comments": 0, "reports": 0, "created_at": "2018-05-18T14:14:06.225Z"}}, {"model": "article.article", "pk": 20, "fields": {"author": 3, "category": "GENERAL PUBLIC", "title": "LOREM IPSODUM DUMMY TEXT", "content": "<p>Lorem ipsum dolor sit amet, consectetuer adipiscing elit. Maecenas feugiat consequat diam. Maecenas metus. Vivamus diam purus, cursus a, commodo non, facilisis vitae, nulla. Aenean dictum lacinia tortor. Nunc iaculis, nibh non iaculis aliquam, orci felis euismod neque, sed ornare massa mauris sed velit. Nulla pretium mi et risus. Fusce mi pede, tempor id, cursus ac, ullamcorper nec, enim. Sed tortor. Curabitur molestie. Duis velit augue, condimentum at, ultrices a, luctus ut, orci. Donec pellentesque egestas eros. Integer cursus, augue in cursus faucibus, eros pede bibendum sem, in tempus tellus justo quis ligula. Etiam eget tortor. Vestibulum rutrum, est ut placerat elementum, lectus nisl aliquam velit, tempor aliquam eros nunc nonummy metus. In eros metus, gravida a, gravida sed, lobortis id, turpis. Ut ultrices, ipsum at venenatis fringilla, sem nulla lacinia tellus, eget aliquet turpis mauris non enim. Nam turpis. Suspendisse lacinia. Curabitur ac tortor ut ipsum egestas elementum. Nunc imperdiet gravida mauris.</p>", "upvotes": 0, "downvotes": 0, "comments": 0, "reports": 0, "created_at": "2018-05-18T14:15:37.648Z"}}, {"model": "article.article", "pk": 21, "fields": {"author": 3, "category": "GENERAL PUBLIC", "title": "LOREM IPSODUM DUMMY TEXT", "content": "<p>Lorem ipsum dolor sit amet, consectetuer adipiscing elit. Maecenas feugiat consequat diam. Maecenas metus. Vivamus diam purus, cursus a, commodo non, facilisis vitae, nulla. Aenean dictum lacinia tortor. Nunc iaculis, nibh non iaculis aliquam, orci felis euismod neque, sed ornare massa mauris sed velit. Nulla pretium mi et risus. Fusce mi pede, tempor id, cursus ac, ullamcorper nec, enim. Sed tortor. Curabitur molestie. Duis velit augue, condimentum at, ultrices a, luctus ut, orci. Donec pellentesque egestas eros. Integer cursus, augue in cursus faucibus, eros pede bibendum sem, in tempus tellus justo quis ligula. Etiam eget tortor. Vestibulum rutrum, est ut placerat elementum, lectus nisl aliquam velit, tempor aliquam eros nunc nonummy metus. In eros metus, gravida a, gravida sed, lobortis id, turpis. Ut ultrices, ipsum at venenatis fringilla, sem nulla lacinia tellus, eget aliquet turpis mauris non enim. Nam turpis. Suspendisse lacinia. Curabitur ac tortor ut ipsum egestas elementum. Nunc imperdiet gravida mauris.</p>", "upvotes": 0, "downvotes": 0, "comments": 0, "reports": 0, "created_at": "2018-05-18T14:25:13.233Z"}}, {"model": "article.article", "pk": 24, "fields": {"author": 3, "category": "GENERAL PUBLIC", "title": "LOREM IPSODUM DUMMY TEXT", "content": "<p>Lorem ipsum dolor sit amet, consectetuer adipiscing elit. Maecenas feugiat consequat diam. Maecenas metus. Vivamus diam purus, cursus a, commodo non, facilisis vitae, nulla. Aenean dictum lacinia tortor. Nunc iaculis, nibh non iaculis aliquam, orci felis euismod neque, sed ornare massa mauris sed velit. Nulla pretium mi et risus. Fusce mi pede, tempor id, cursus ac, ullamcorper nec, enim. Sed tortor. Curabitur molestie. Duis velit augue, condimentum at, ultrices a, luctus ut, orci. Donec pellentesque egestas eros. Integer cursus, augue in cursus faucibus, eros pede bibendum sem, in tempus tellus justo quis ligula. Etiam eget tortor. Vestibulum rutrum, est ut placerat elementum, lectus nisl aliquam velit, tempor aliquam eros nunc nonummy metus. In eros metus, gravida a, gravida sed, lobortis id, turpis. Ut ultrices, ipsum at venenatis fringilla, sem nulla lacinia tellus, eget aliquet turpis mauris non enim. Nam turpis. Suspendisse lacinia. Curabitur ac tortor ut ipsum egestas elementum. Nunc imperdiet gravida mauris.</p>", "upvotes": 0, "downvotes": 0, "comments": 0, "reports": 0, "created_at": "2018-05-19T14:56:56.912Z"}}, {"model": "article.article", "pk": 25, "fields": {"author": 2, "category": "GENERAL PUBLIC", "title": "LOREM IPSODUM DUMMY TEXT", "content": "<p>Lorem ipsum dolor sit amet, consectetuer adipiscing elit. Maecenas feugiat consequat diam. Maecenas metus. Vivamus diam purus, cursus a, commodo non, facilisis vitae, nulla. Aenean dictum lacinia tortor. Nunc iaculis, nibh non iaculis aliquam, orci felis euismod neque, sed ornare massa mauris sed velit. Nulla pretium mi et risus. Fusce mi pede, tempor id, cursus ac, ullamcorper nec, enim. Sed tortor. Curabitur molestie. Duis velit augue, condimentum at, ultrices a, luctus ut, orci. Donec pellentesque egestas eros. Integer cursus, augue in cursus faucibus, eros pede bibendum sem, in tempus tellus justo quis ligula. Etiam eget tortor. Vestibulum rutrum, est ut placerat elementum, lectus nisl aliquam velit, tempor aliquam eros nunc nonummy metus. In eros metus, gravida a, gravida sed, lobortis id, turpis. Ut ultrices, ipsum at venenatis fringilla, sem nulla lacinia tellus, eget aliquet turpis mauris non enim. Nam turpis. Suspendisse lacinia. Curabitur ac tortor ut ipsum egestas elementum. Nunc imperdiet gravida mauris.</p>", "upvotes": 0, "downvotes": 0, "comments": 0, "reports": 0, "created_at": "2018-05-19T22:11:22.913Z"}}, {"model": "article.article", "pk": 26, "fields": {"author": 2, "category": "GENERAL PUBLIC", "title": "LOREM IPSODUM DUMMY TEXT", "content": "<p>Lorem ipsum dolor sit amet, consectetuer adipiscing elit. Maecenas feugiat consequat diam. Maecenas metus. Vivamus diam purus, cursus a, commodo non, facilisis vitae, nulla. Aenean dictum lacinia tortor. Nunc iaculis, nibh non iaculis aliquam, orci felis euismod neque, sed ornare massa mauris sed velit. Nulla pretium mi et risus. Fusce mi pede, tempor id, cursus ac, ullamcorper nec, enim. Sed tortor. Curabitur molestie. Duis velit augue, condimentum at, ultrices a, luctus ut, orci. Donec pellentesque egestas eros. Integer cursus, augue in cursus faucibus, eros pede bibendum sem, in tempus tellus justo quis ligula. Etiam eget tortor. Vestibulum rutrum, est ut placerat elementum, lectus nisl aliquam velit, tempor aliquam eros nunc nonummy metus. In eros metus, gravida a, gravida sed, lobortis id, turpis. Ut ultrices, ipsum at venenatis fringilla, sem nulla lacinia tellus, eget aliquet turpis mauris non enim. Nam turpis. Suspendisse lacinia. Curabitur ac tortor ut ipsum egestas elementum. Nunc imperdiet gravida mauris.</p>", "upvotes": 0, "downvotes": 0, "comments": 0, "reports": 0, "created_at": "2018-05-19T23:21:07.703Z"}}, {"model": "article.article", "pk": 27, "fields": {"author": 2, "category": "GENERAL PUBLIC", "title": "LOREM IPSODUM DUMMY TEXT", "content": "<p>Lorem ipsum dolor sit amet, consectetuer adipiscing elit. Maecenas feugiat consequat diam. Maecenas metus. Vivamus diam purus, cursus a, commodo non, facilisis vitae, nulla. Aenean dictum lacinia tortor. Nunc iaculis, nibh non iaculis aliquam, orci felis euismod neque, sed ornare massa mauris sed velit. Nulla pretium mi et risus. Fusce mi pede, tempor id, cursus ac, ullamcorper nec, enim. Sed tortor. Curabitur molestie. Duis velit augue, condimentum at, ultrices a, luctus ut, orci. Donec pellentesque egestas eros. Integer cursus, augue in cursus faucibus, eros pede bibendum sem, in tempus tellus justo quis ligula. Etiam eget tortor. Vestibulum rutrum, est ut placerat elementum, lectus nisl aliquam velit, tempor aliquam eros nunc nonummy metus. In eros metus, gravida a, gravida sed, lobortis id, turpis. Ut ultrices, ipsum at venenatis fringilla, sem nulla lacinia tellus, eget aliquet turpis mauris non enim. Nam turpis. Suspendisse lacinia. Curabitur ac tortor ut ipsum egestas elementum. Nunc imperdiet gravida mauris.</p>", "upvotes": 0, "downvotes": 0, "comments": 0, "reports": 0, "created_at": "2018-05-20T10:42:11.174Z"}}, {"model": "article.articlevote", "pk": 2, "fields": {"user": 1, "vote": 1, "voted_article": 1, "voted_at": "2018-05-12T15:16:15Z"}}, {"model": "article.articlevote", "pk": 4, "fields": {"user": 4, "vote": 1, "voted_article": 1, "voted_at": "2018-05-12T15:16:35Z"}}, {"model": "article.articlevote", "pk": 5, "fields": {"user": 5, "vote": 0, "voted_article": 1, "voted_at": "2018-05-12T15:16:46Z"}}, {"model": "article.articlevote", "pk": 8, "fields": {"user": 5, "vote": 0, "voted_article": 2, "voted_at": "2018-05-12T15:17:22Z"}}, {"model": "article.articlevote", "pk": 18, "fields": {"user": 3, "vote": 1, "voted_article": 15, "voted_at": "2018-05-19T07:35:37.554Z"}}, {"model": "article.articlevote", "pk": 19, "fields": {"user": 5, "vote": 1, "voted_article": 16, "voted_at": "2018-05-20T08:56:32Z"}}, {"model": "article.reportedarticle", "pk": 1, "fields": {"article": 2, "report": 3, "report_reason": "it doesn't help", "reported_at": "2018-05-12T15:22:41Z"}}, {"model": "article.reportedarticle", "pk": 3, "fields": {"article": 1, "report": 3, "report_reason": "it doesn't help", "reported_at": "2018-05-17T19:32:50.620Z"}}, {"model": "article.bookmarkedarticle", "pk": 1, "fields": {"bookmarked_article": 1, "bookmark_user": 4, "created_at": "2018-05-12T15:18:12Z"}}, {"model": "article.bookmarkedarticle", "pk": 2, "fields": {"bookmarked_article": 17, "bookmark_user": 3, "created_at": "2018-05-19T09:42:13Z"}}, {"model": "article.bookmarkedarticle", "pk": 3, "fields": {"bookmarked_article": 20, "bookmark_user": 3, "created_at": "2018-05-19T09:45:10.948Z"}}, {"model": "article.commenttoanarticle", "pk": 1, "fields": {"user": 2, "article": 1, "content": "<p>yah kweli kabisa.. lorem is halisi</p>", "created_at": "2018-05-12T15:18:30Z"}}, {"model": "article.commenttoanarticle", "pk": 2, "fields": {"user": 1, "article": 1, "content": "<p>yah watu inabidi wajue</p>", "created_at": "2018-05-12T15:18:58Z"}}, {"model": "article.commenttoanarticle", "pk": 3, "fields": {"user": 3, "article": 1, "content": "<p>huwezi amini nlikua naangaika kutafuta maana yake <img alt=\"laugh\" src=\"http://localhost:8000/static/ckeditor/ckeditor/plugins/smiley/images/teeth_smile.png\" style=\"height:23px; width:23px\" title=\"laugh\" /><img alt=\"laugh\" src=\"http://localhost:8000/static/ckeditor/ckeditor/plugins/smiley/images/teeth_smile.png\" style=\"height:23px; width:23px\" title=\"laugh\" /><img alt=\"laugh\" src=\"http://localhost:8000/static/ckeditor/ckeditor/plugins/smiley/images/teeth_smile.png\" style=\"height:23px; width:23px\" title=\"laugh\" /></p>", "created_at": "2018-05-12T15:19:14Z"}}, {"model": "article.commenttoanarticle", "pk": 4, "fields": {"user": 5, "article": 1, "content": "<p>idiots</p>", "created_at": "2018-05-12T15:19:57Z"}}, {"model": "article.commenttoanarticle", "pk": 5, "fields": {"user": 2, "article": 2, "content": "<p>is this for girls..</p>", "created_at": "2018-05-12T15:20:10Z"}}, {"model": "article.commenttoanarticle", "pk": 6, "fields": {"user": 3, "article": 2, "content": "<p>yah dumb ass.. it&#39;s for girls</p>", "created_at": "2018-05-12T15:20:25Z"}}, {"model": "article.commenttoanarticle", "pk": 7, "fields": {"user": 4, "article": 2, "content": "<p>lisaaaa... i&#39;m the one who posted, not you</p>", "created_at": "2018-05-12T15:20:43Z"}}, {"model": "article.commenttoanarticle", "pk": 8, "fields": {"user": 2, "article": 2, "content": "<p>sure help me.. tell her</p>", "created_at": "2018-05-12T15:21:05Z"}}, {"model": "article.commenttoanarticle", "pk": 9, "fields": {"user": 3, "article": 1, "content": "<p>not an idiot</p>", "created_at": "2018-05-19T12:22:55.881Z"}}, {"model": "article.commenttoanarticle", "pk": 12, "fields": {"user": 2, "article": 1, "content": "<p>bago bad and bujee</p>", "created_at": "2018-05-20T06:28:05.733Z"}}, {"model": "article.reportedarticlecomment", "pk": 2, "fields": {"comment": 1, "report": 0, "report_reason": "no reason", "reported_at": "2018-05-19T12:39:33Z"}}, {"model": "article.reportedarticlecomment", "pk": 3, "fields": {"comment": 1, "report": 1, "report_reason": "it sucks!!", "reported_at": "2018-05-19T12:40:25.918Z"}}, {"model": "sautiYangu.category", "pk": 1, "fields": {"name": "GERAL PUBLIC", "description": "general public"}}, {"model": "sautiYangu.notification", "pk": 1, "fields": {"user": 2, "text": "criss autobot is following you", "created_at": "2018-05-12T15:04:12.824Z"}}, {"model": "sautiYangu.notification", "pk": 2, "fields": {"user": 2, "text": "criss autobot is following you", "created_at": "2018-05-12T15:04:22.006Z"}}, {"model": "sautiYangu.notification", "pk": 3, "fields": {"user": 3, "text": "lisa grey is following you", "created_at": "2018-05-12T15:04:29.814Z"}}, {"model": "sautiYangu.notification", "pk": 4, "fields": {"user": 4, "text": "joan francis is following you", "created_at": "2018-05-12T15:04:42.036Z"}}, {"model": "sautiYangu.notification", "pk": 5, "fields": {"user": 4, "text": "joan francis is following you", "created_at": "2018-05-12T15:04:51.458Z"}}, {"model": "sautiYangu.notification", "pk": 6, "fields": {"user": 1, "text": "sara klause is following you", "created_at": "2018-05-12T15:05:00.287Z"}}, {"model": "sautiYangu.notification", "pk": 7, "fields": {"user": 2, "text": "criss autobot is following you", "created_at": "2018-05-12T15:05:10.202Z"}}, {"model": "sautiYangu.notification", "pk": 8, "fields": {"user": 2, "text": "criss autobot is following you", "created_at": "2018-05-12T15:05:26.539Z"}}, {"model": "sautiYangu.notification", "pk": 9, "fields": {"user": 2, "text": "criss autobot is following you", "created_at": "2018-05-12T15:06:20.556Z"}}, {"model": "sautiYangu.notification", "pk": 10, "fields": {"user": 1, "text": "sara klause is following you", "created_at": "2018-05-12T15:06:27.836Z"}}, {"model": "sautiYangu.notification", "pk": 11, "fields": {"user": 3, "text": "lisa grey is following you", "created_at": "2018-05-12T15:06:36.615Z"}}, {"model": "sautiYangu.notification", "pk": 12, "fields": {"user": 4, "text": "joan francis is following you", "created_at": "2018-05-12T15:06:44.360Z"}}, {"model": "sautiYangu.notification", "pk": 13, "fields": {"user": 6, "text": "Muhimbili created a new article", "created_at": "2018-05-12T15:13:38.601Z"}}, {"model": "sautiYangu.notification", "pk": 14, "fields": {"user": 4, "text": "joan francis created a new article", "created_at": "2018-05-12T15:14:56.017Z"}}, {"model": "sautiYangu.notification", "pk": 15, "fields": {"user": 2, "text": "criss autobot upvoted your article", "created_at": "2018-05-12T15:16:11.965Z"}}, {"model": "sautiYangu.notification", "pk": 16, "fields": {"user": 1, "text": "sara klause upvoted your article", "created_at": "2018-05-12T15:16:23.452Z"}}, {"model": "sautiYangu.notification", "pk": 17, "fields": {"user": 3, "text": "lisa grey upvoted your article", "created_at": "2018-05-12T15:16:33.564Z"}}, {"model": "sautiYangu.notification", "pk": 18, "fields": {"user": 4, "text": "joan francis upvoted your article", "created_at": "2018-05-12T15:16:44.141Z"}}, {"model": "sautiYangu.notification", "pk": 19, "fields": {"user": 5, "text": "mariam kiria downvoted your article", "created_at": "2018-05-12T15:16:54.225Z"}}, {"model": "sautiYangu.notification", "pk": 20, "fields": {"user": 2, "text": "criss autobot downvoted your article", "created_at": "2018-05-12T15:17:09.191Z"}}, {"model": "sautiYangu.notification", "pk": 21, "fields": {"user": 3, "text": "lisa grey upvoted your article", "created_at": "2018-05-12T15:17:20.399Z"}}, {"model": "sautiYangu.notification", "pk": 22, "fields": {"user": 5, "text": "mariam kiria downvoted your article", "created_at": "2018-05-12T15:17:31.762Z"}}, {"model": "sautiYangu.notification", "pk": 23, "fields": {"user": 2, "text": "criss autobot commented on your article", "created_at": "2018-05-12T15:18:54.180Z"}}, {"model": "sautiYangu.notification", "pk": 24, "fields": {"user": 1, "text": "sara klause commented on your article", "created_at": "2018-05-12T15:19:12.063Z"}}, {"model": "sautiYangu.notification", "pk": 25, "fields": {"user": 3, "text": "lisa grey commented on your article", "created_at": "2018-05-12T15:19:54.738Z"}}, {"model": "sautiYangu.notification", "pk": 26, "fields": {"user": 5, "text": "mariam kiria commented on your article", "created_at": "2018-05-12T15:20:07.536Z"}}, {"model": "sautiYangu.notification", "pk": 27, "fields": {"user": 2, "text": "criss autobot commented on your article", "created_at": "2018-05-12T15:20:22.898Z"}}, {"model": "sautiYangu.notification", "pk": 28, "fields": {"user": 3, "text": "lisa grey commented on your article", "created_at": "2018-05-12T15:20:40.861Z"}}, {"model": "sautiYangu.notification", "pk": 29, "fields": {"user": 4, "text": "joan francis commented on your article", "created_at": "2018-05-12T15:21:02.285Z"}}, {"model": "sautiYangu.notification", "pk": 30, "fields": {"user": 2, "text": "criss autobot commented on your article", "created_at": "2018-05-12T15:21:25.101Z"}}, {"model": "sautiYangu.notification", "pk": 31, "fields": {"user": 5, "text": "your comment is reported as offensive", "created_at": "2018-05-12T15:22:26.864Z"}}, {"model": "sautiYangu.notification", "pk": 32, "fields": {"user": 4, "text": "your article is reported as not helpful", "created_at": "2018-05-12T15:22:56.026Z"}}, {"model": "sautiYangu.notification", "pk": 33, "fields": {"user": 1, "text": "sara klause created a new article", "created_at": "2018-05-13T12:10:51.825Z"}}, {"model": "sautiYangu.notification", "pk": 34, "fields": {"user": 1, "text": "sara klause created a new article", "created_at": "2018-05-13T12:18:19.321Z"}}, {"model": "sautiYangu.notification", "pk": 35, "fields": {"user": 1, "text": "sara klause created a new article", "created_at": "2018-05-13T12:21:27.961Z"}}, {"model": "sautiYangu.notification", "pk": 36, "fields": {"user": 1, "text": "sara klause created a new article", "created_at": "2018-05-13T12:23:03.848Z"}}, {"model": "sautiYangu.notification", "pk": 37, "fields": {"user": 1, "text": "sara klause created a new article", "created_at": "2018-05-13T12:24:13.366Z"}}, {"model": "sautiYangu.notification", "pk": 38, "fields": {"user": 6, "text": "Muhimbili created a new article", "created_at": "2018-05-13T12:36:17.497Z"}}, {"model": "sautiYangu.notification", "pk": 39, "fields": {"user": 6, "text": "Muhimbili created a new article", "created_at": "2018-05-13T12:36:38.705Z"}}, {"model": "sautiYangu.notification", "pk": 40, "fields": {"user": 6, "text": "Muhimbili created a new article", "created_at": "2018-05-13T13:21:36.964Z"}}, {"model": "sautiYangu.notification", "pk": 41, "fields": {"user": 6, "text": "Muhimbili created a new article", "created_at": "2018-05-13T13:23:18.113Z"}}, {"model": "sautiYangu.notification", "pk": 42, "fields": {"user": 6, "text": "Muhimbili created a new article", "created_at": "2018-05-13T13:59:06.044Z"}}, {"model": "sautiYangu.notification", "pk": 43, "fields": {"user": 2, "text": "criss autobot upvoted your article", "created_at": "2018-05-13T15:15:41.488Z"}}, {"model": "sautiYangu.notification", "pk": 44, "fields": {"user": 2, "text": "criss autobot upvoted your article", "created_at": "2018-05-13T15:31:14.008Z"}}, {"model": "sautiYangu.notification", "pk": 45, "fields": {"user": 2, "text": "criss autobot upvoted your article", "created_at": "2018-05-13T15:33:20.330Z"}}, {"model": "sautiYangu.notification", "pk": 46, "fields": {"user": 2, "text": "criss autobot upvoted your article", "created_at": "2018-05-13T15:34:29.277Z"}}, {"model": "sautiYangu.notification", "pk": 47, "fields": {"user": 2, "text": "criss autobot upvoted your article", "created_at": "2018-05-13T15:36:11.053Z"}}, {"model": "sautiYangu.notification", "pk": 48, "fields": {"user": 2, "text": "criss autobot upvoted your article", "created_at": "2018-05-13T15:36:37.006Z"}}, {"model": "sautiYangu.notification", "pk": 49, "fields": {"user": 2, "text": "criss autobot upvoted your article", "created_at": "2018-05-13T15:38:32.841Z"}}, {"model": "sautiYangu.notification", "pk": 50, "fields": {"user": 2, "text": "criss autobot upvoted your article", "created_at": "2018-05-13T15:41:24.697Z"}}, {"model": "sautiYangu.notification", "pk": 51, "fields": {"user": 2, "text": "criss autobot upvoted your article", "created_at": "2018-05-13T15:42:41.511Z"}}, {"model": "sautiYangu.notification", "pk": 52, "fields": {"user": 2, "text": "criss autobot upvoted your article", "created_at": "2018-05-13T15:49:33.752Z"}}, {"model": "sautiYangu.notification", "pk": 53, "fields": {"user": 2, "text": "criss autobot upvoted your article", "created_at": "2018-05-13T15:50:20.170Z"}}, {"model": "sautiYangu.notification", "pk": 54, "fields": {"user": 2, "text": "criss autobot upvoted your article", "created_at": "2018-05-13T15:51:02.338Z"}}, {"model": "sautiYangu.notification", "pk": 55, "fields": {"user": 2, "text": "criss autobot upvoted your article", "created_at": "2018-05-13T15:51:06.111Z"}}, {"model": "sautiYangu.notification", "pk": 56, "fields": {"user": 2, "text": "criss autobot upvoted your article", "created_at": "2018-05-13T15:51:24.801Z"}}, {"model": "sautiYangu.notification", "pk": 57, "fields": {"user": 2, "text": "criss autobot upvoted your article", "created_at": "2018-05-13T15:51:44.797Z"}}, {"model": "sautiYangu.notification", "pk": 58, "fields": {"user": 2, "text": "criss autobot upvoted your article", "created_at": "2018-05-13T15:52:12.308Z"}}, {"model": "sautiYangu.notification", "pk": 59, "fields": {"user": 2, "text": "criss autobot upvoted your article", "created_at": "2018-05-13T15:52:41.826Z"}}, {"model": "sautiYangu.notification", "pk": 60, "fields": {"user": 2, "text": "criss autobot upvoted your article", "created_at": "2018-05-13T15:54:42.128Z"}}, {"model": "sautiYangu.notification", "pk": 61, "fields": {"user": 2, "text": "criss autobot downvoted your article", "created_at": "2018-05-13T15:56:24.418Z"}}, {"model": "sautiYangu.notification", "pk": 62, "fields": {"user": 2, "text": "criss autobot downvoted your article", "created_at": "2018-05-13T15:56:39.442Z"}}, {"model": "sautiYangu.notification", "pk": 63, "fields": {"user": 2, "text": "criss autobot upvoted your article", "created_at": "2018-05-13T15:58:28.366Z"}}, {"model": "sautiYangu.notification", "pk": 64, "fields": {"user": 2, "text": "criss autobot downvoted your article", "created_at": "2018-05-13T15:59:12.268Z"}}, {"model": "sautiYangu.notification", "pk": 65, "fields": {"user": 2, "text": "criss autobot downvoted your article", "created_at": "2018-05-13T15:59:23.840Z"}}, {"model": "sautiYangu.notification", "pk": 66, "fields": {"user": 2, "text": "criss autobot upvoted your article", "created_at": "2018-05-13T16:00:37.656Z"}}, {"model": "sautiYangu.notification", "pk": 67, "fields": {"user": 2, "text": "criss autobot downvoted your article", "created_at": "2018-05-13T16:01:13.447Z"}}, {"model": "sautiYangu.notification", "pk": 68, "fields": {"user": 2, "text": "criss autobot upvoted your article", "created_at": "2018-05-13T16:14:38.965Z"}}, {"model": "sautiYangu.notification", "pk": 69, "fields": {"user": 2, "text": "criss autobot downvoted your article", "created_at": "2018-05-13T16:27:17.267Z"}}, {"model": "sautiYangu.notification", "pk": 70, "fields": {"user": 2, "text": "criss autobot downvoted your article", "created_at": "2018-05-13T16:29:24.601Z"}}, {"model": "sautiYangu.notification", "pk": 71, "fields": {"user": 2, "text": "criss autobot upvoted your article", "created_at": "2018-05-13T16:30:02.295Z"}}, {"model": "sautiYangu.notification", "pk": 72, "fields": {"user": 2, "text": "criss autobot downvoted your article", "created_at": "2018-05-13T16:30:42.433Z"}}, {"model": "sautiYangu.notification", "pk": 73, "fields": {"user": 2, "text": "criss autobot upvoted your article", "created_at": "2018-05-13T16:35:43.374Z"}}, {"model": "sautiYangu.notification", "pk": 74, "fields": {"user": 2, "text": "criss autobot downvoted your article", "created_at": "2018-05-13T17:14:32.611Z"}}, {"model": "sautiYangu.notification", "pk": 75, "fields": {"user": 2, "text": "criss autobot downvoted your article", "created_at": "2018-05-13T17:15:31.550Z"}}, {"model": "sautiYangu.notification", "pk": 76, "fields": {"user": 2, "text": "criss autobot downvoted your article", "created_at": "2018-05-13T17:35:41.028Z"}}, {"model": "sautiYangu.notification", "pk": 77, "fields": {"user": 2, "text": "criss autobot upvoted your article", "created_at": "2018-05-13T17:36:13.296Z"}}, {"model": "sautiYangu.notification", "pk": 78, "fields": {"user": 2, "text": "criss autobot downvoted your article", "created_at": "2018-05-13T17:37:38.192Z"}}, {"model": "sautiYangu.notification", "pk": 79, "fields": {"user": 2, "text": "criss autobot upvoted your article", "created_at": "2018-05-13T17:39:18.981Z"}}, {"model": "sautiYangu.notification", "pk": 80, "fields": {"user": 2, "text": "criss autobot upvoted your article", "created_at": "2018-05-13T17:52:26.141Z"}}, {"model": "sautiYangu.notification", "pk": 81, "fields": {"user": 2, "text": "criss autobot downvoted your article", "created_at": "2018-05-13T18:00:06.173Z"}}, {"model": "sautiYangu.notification", "pk": 82, "fields": {"user": 2, "text": "criss autobot upvoted your article", "created_at": "2018-05-13T18:05:33.936Z"}}, {"model": "sautiYangu.notification", "pk": 83, "fields": {"user": 2, "text": "criss autobot downvoted your article", "created_at": "2018-05-13T18:05:53.071Z"}}, {"model": "sautiYangu.notification", "pk": 84, "fields": {"user": 2, "text": "criss autobot downvoted your article", "created_at": "2018-05-13T18:15:40.236Z"}}, {"model": "sautiYangu.notification", "pk": 85, "fields": {"user": 2, "text": "criss autobot upvoted your article", "created_at": "2018-05-13T18:16:05.405Z"}}, {"model": "sautiYangu.notification", "pk": 86, "fields": {"user": 2, "text": "criss autobot downvoted your article", "created_at": "2018-05-14T13:25:22.300Z"}}, {"model": "sautiYangu.notification", "pk": 87, "fields": {"user": 2, "text": "criss autobot downvoted your article", "created_at": "2018-05-14T13:25:47.323Z"}}, {"model": "sautiYangu.notification", "pk": 88, "fields": {"user": 2, "text": "criss autobot downvoted your article", "created_at": "2018-05-14T13:27:13.487Z"}}, {"model": "sautiYangu.notification", "pk": 89, "fields": {"user": 2, "text": "criss autobot downvoted your article", "created_at": "2018-05-15T21:05:02.521Z"}}, {"model": "sautiYangu.notification", "pk": 90, "fields": {"user": 2, "text": "criss autobot downvoted your article", "created_at": "2018-05-15T21:05:55.250Z"}}, {"model": "sautiYangu.notification", "pk": 91, "fields": {"user": 2, "text": "criss autobot downvoted your article", "created_at": "2018-05-15T21:05:59.075Z"}}, {"model": "sautiYangu.notification", "pk": 92, "fields": {"user": 2, "text": "criss autobot downvoted your article", "created_at": "2018-05-15T21:07:27.856Z"}}, {"model": "sautiYangu.notification", "pk": 93, "fields": {"user": 6, "text": "Muhimbili created a new article", "created_at": "2018-05-17T07:51:39.242Z"}}, {"model": "sautiYangu.notification", "pk": 94, "fields": {"user": 6, "text": "Muhimbili created a new article", "created_at": "2018-05-17T08:41:37.602Z"}}, {"model": "sautiYangu.notification", "pk": 95, "fields": {"user": 2, "text": "criss autobot downvoted your article", "created_at": "2018-05-17T10:52:06.850Z"}}, {"model": "sautiYangu.notification", "pk": 96, "fields": {"user": 2, "text": "criss autobot downvoted your article", "created_at": "2018-05-17T10:52:17.172Z"}}, {"model": "sautiYangu.notification", "pk": 97, "fields": {"user": 2, "text": "criss autobot upvoted your article", "created_at": "2018-05-17T11:10:34.747Z"}}, {"model": "sautiYangu.notification", "pk": 98, "fields": {"user": 2, "text": "criss autobot downvoted your article", "created_at": "2018-05-17T11:13:32.275Z"}}, {"model": "sautiYangu.notification", "pk": 99, "fields": {"user": 2, "text": "criss autobot downvoted your article", "created_at": "2018-05-17T11:13:47.314Z"}}, {"model": "sautiYangu.notification", "pk": 100, "fields": {"user": 2, "text": "criss autobot downvoted your article", "created_at": "2018-05-17T11:13:50.570Z"}}, {"model": "sautiYangu.notification", "pk": 101, "fields": {"user": 2, "text": "criss autobot downvoted your article", "created_at": "2018-05-17T11:14:32.794Z"}}, {"model": "sautiYangu.notification", "pk": 102, "fields": {"user": 2, "text": "criss autobot downvoted your article", "created_at": "2018-05-17T11:17:29.922Z"}}, {"model": "sautiYangu.notification", "pk": 103, "fields": {"user": 2, "text": "criss autobot upvoted your article", "created_at": "2018-05-17T11:18:11.171Z"}}, {"model": "sautiYangu.notification", "pk": 104, "fields": {"user": 2, "text": "criss autobot downvoted your article", "created_at": "2018-05-17T11:18:47.664Z"}}, {"model": "sautiYangu.notification", "pk": 105, "fields": {"user": 2, "text": "criss autobot upvoted your article", "created_at": "2018-05-17T11:20:19.005Z"}}, {"model": "sautiYangu.notification", "pk": 106, "fields": {"user": 6, "text": "Muhimbili created a new article", "created_at": "2018-05-17T13:23:58.127Z"}}, {"model": "sautiYangu.notification", "pk": 107, "fields": {"user": 2, "text": "criss autobot upvoted your article", "created_at": "2018-05-17T13:24:14.921Z"}}, {"model": "sautiYangu.notification", "pk": 108, "fields": {"user": 2, "text": "criss autobot upvoted your article", "created_at": "2018-05-17T13:24:20.833Z"}}, {"model": "sautiYangu.notification", "pk": 109, "fields": {"user": 2, "text": "criss autobot upvoted your article", "created_at": "2018-05-17T13:25:41.120Z"}}, {"model": "sautiYangu.notification", "pk": 110, "fields": {"user": 2, "text": "criss autobot downvoted your article", "created_at": "2018-05-17T13:27:00.296Z"}}, {"model": "sautiYangu.notification", "pk": 111, "fields": {"user": 2, "text": "criss autobot upvoted your article", "created_at": "2018-05-17T13:27:19.928Z"}}, {"model": "sautiYangu.notification", "pk": 112, "fields": {"user": 4, "text": "joan francis created a new article", "created_at": "2018-05-17T18:28:44.226Z"}}, {"model": "sautiYangu.notification", "pk": 113, "fields": {"user": 4, "text": "your article is reported as not helpful", "created_at": "2018-05-17T18:52:21.469Z"}}, {"model": "sautiYangu.notification", "pk": 114, "fields": {"user": 4, "text": "joan francis created a new article", "created_at": "2018-05-17T19:21:44.307Z"}}, {"model": "sautiYangu.notification", "pk": 115, "fields": {"user": 2, "text": "criss autobot created a new article", "created_at": "2018-05-17T19:22:01.168Z"}}, {"model": "sautiYangu.notification", "pk": 116, "fields": {"user": 6, "text": "your article is reported as not helpful", "created_at": "2018-05-17T19:32:50.841Z"}}, {"model": "sautiYangu.notification", "pk": 117, "fields": {"user": 2, "text": "criss autobot created a new article", "created_at": "2018-05-18T14:14:06.346Z"}}, {"model": "sautiYangu.notification", "pk": 118, "fields": {"user": 3, "text": "lisa grey created a new article", "created_at": "2018-05-18T14:15:37.781Z"}}, {"model": "sautiYangu.notification", "pk": 119, "fields": {"user": 3, "text": "lisa grey created a new article", "created_at": "2018-05-18T14:25:13.363Z"}}, {"model": "sautiYangu.notification", "pk": 120, "fields": {"user": 3, "text": "lisa grey created a new article", "created_at": "2018-05-18T14:26:06.396Z"}}, {"model": "sautiYangu.notification", "pk": 121, "fields": {"user": 3, "text": "lisa grey created a new article", "created_at": "2018-05-18T14:31:12.471Z"}}, {"model": "sautiYangu.notification", "pk": 122, "fields": {"user": 3, "text": "lisa grey created a new article", "created_at": "2018-05-19T07:10:08.185Z"}}, {"model": "sautiYangu.notification", "pk": 123, "fields": {"user": 3, "text": "lisa grey created a new article", "created_at": "2018-05-19T07:17:45.817Z"}}, {"model": "sautiYangu.notification", "pk": 124, "fields": {"user": 3, "text": "lisa grey upvoted your article", "created_at": "2018-05-19T07:27:01.464Z"}}, {"model": "sautiYangu.notification", "pk": 125, "fields": {"user": 3, "text": "lisa grey upvoted your article", "created_at": "2018-05-19T07:28:09.739Z"}}, {"model": "sautiYangu.notification", "pk": 126, "fields": {"user": 3, "text": "lisa grey upvoted your article", "created_at": "2018-05-19T07:29:53.616Z"}}, {"model": "sautiYangu.notification", "pk": 127, "fields": {"user": 3, "text": "lisa grey upvoted your article", "created_at": "2018-05-19T07:30:16.971Z"}}, {"model": "sautiYangu.notification", "pk": 128, "fields": {"user": 3, "text": "lisa grey upvoted your article", "created_at": "2018-05-19T07:31:47.924Z"}}, {"model": "sautiYangu.notification", "pk": 129, "fields": {"user": 3, "text": "lisa grey upvoted your article", "created_at": "2018-05-19T07:32:18.493Z"}}, {"model": "sautiYangu.notification", "pk": 130, "fields": {"user": 3, "text": "lisa grey upvoted your article", "created_at": "2018-05-19T07:33:15.091Z"}}, {"model": "sautiYangu.notification", "pk": 131, "fields": {"user": 3, "text": "lisa grey upvoted your article", "created_at": "2018-05-19T07:33:44.590Z"}}, {"model": "sautiYangu.notification", "pk": 132, "fields": {"user": 3, "text": "lisa grey downvoted your article", "created_at": "2018-05-19T07:34:16.127Z"}}, {"model": "sautiYangu.notification", "pk": 133, "fields": {"user": 3, "text": "lisa grey upvoted your article", "created_at": "2018-05-19T07:35:37.737Z"}}, {"model": "sautiYangu.notification", "pk": 134, "fields": {"user": 3, "text": "lisa grey commented on your article", "created_at": "2018-05-19T12:22:56.146Z"}}, {"model": "sautiYangu.notification", "pk": 135, "fields": {"user": 3, "text": "lisa grey commented on your article", "created_at": "2018-05-19T12:25:35.580Z"}}, {"model": "sautiYangu.notification", "pk": 136, "fields": {"user": 3, "text": "lisa grey commented on your article", "created_at": "2018-05-19T12:26:49.179Z"}}, {"model": "sautiYangu.notification", "pk": 137, "fields": {"user": 2, "text": "your comment is reported as offensive", "created_at": "2018-05-19T12:39:43.931Z"}}, {"model": "sautiYangu.notification", "pk": 138, "fields": {"user": 2, "text": "your comment is reported as repeated", "created_at": "2018-05-19T12:40:26.032Z"}}, {"model": "sautiYangu.notification", "pk": 139, "fields": {"user": 3, "text": "lisa grey created a new article", "created_at": "2018-05-19T14:56:57.024Z"}}, {"model": "sautiYangu.notification", "pk": 140, "fields": {"user": 2, "text": "criss autobot created a new article", "created_at": "2018-05-19T22:11:23.002Z"}}, {"model": "sautiYangu.notification", "pk": 141, "fields": {"user": 2, "text": "criss autobot created a new article", "created_at": "2018-05-19T23:21:07.845Z"}}, {"model": "sautiYangu.notification", "pk": 142, "fields": {"user": 2, "text": "criss autobot commented on your article", "created_at": "2018-05-20T06:28:05.902Z"}}, {"model": "sautiYangu.notification", "pk": 143, "fields": {"user": 5, "text": "mariam kiria created a new question", "created_at": "2018-05-20T08:55:06.666Z"}}, {"model": "sautiYangu.notification", "pk": 144, "fields": {"user": 4, "text": "joan francis answered a question", "created_at": "2018-05-20T08:55:33.892Z"}}, {"model": "sautiYangu.notification", "pk": 145, "fields": {"user": 4, "text": "new answer is posted to why did they call me an idiot", "created_at": "2018-05-20T08:55:33.896Z"}}, {"model": "sautiYangu.notification", "pk": 146, "fields": {"user": 5, "text": "mariam kiria upvoted your article", "created_at": "2018-05-20T08:56:40.777Z"}}, {"model": "sautiYangu.notification", "pk": 147, "fields": {"user": 3, "text": "lisa grey upvoted your answer", "created_at": "2018-05-20T08:56:57.905Z"}}, {"model": "sautiYangu.notification", "pk": 148, "fields": {"user": 4, "text": "joan francis upvoted your answer", "created_at": "2018-05-20T08:57:07.558Z"}}, {"model": "sautiYangu.notification", "pk": 149, "fields": {"user": 3, "text": "lisa grey commented on your answer", "created_at": "2018-05-20T08:57:53.862Z"}}, {"model": "sautiYangu.notification", "pk": 150, "fields": {"user": 3, "text": "your comment has been reported as repeated", "created_at": "2018-05-20T08:58:46.161Z"}}, {"model": "sautiYangu.notification", "pk": 151, "fields": {"user": 4, "text": "your answer has been reported as offensive", "created_at": "2018-05-20T08:59:11.743Z"}}, {"model": "sautiYangu.notification", "pk": 152, "fields": {"user": 5, "text": "your question has been reported as not helpful", "created_at": "2018-05-20T08:59:39.586Z"}}, {"model": "sautiYangu.notification", "pk": 153, "fields": {"user": 2, "text": "criss autobot answered a question", "created_at": "2018-05-20T09:00:17.402Z"}}, {"model": "sautiYangu.notification", "pk": 154, "fields": {"user": 2, "text": "new answer is posted to why did they call me an idiot", "created_at": "2018-05-20T09:00:17.869Z"}}, {"model": "sautiYangu.notification", "pk": 155, "fields": {"user": 2, "text": "criss autobot answered a question", "created_at": "2018-05-20T09:01:18.008Z"}}, {"model": "sautiYangu.notification", "pk": 156, "fields": {"user": 2, "text": "new answer is posted to why did they call me an idiot", "created_at": "2018-05-20T09:01:18.487Z"}}, {"model": "sautiYangu.notification", "pk": 157, "fields": {"user": 2, "text": "criss autobot created a new question", "created_at": "2018-05-20T09:31:40.741Z"}}, {"model": "sautiYangu.notification", "pk": 158, "fields": {"user": 2, "text": "criss autobot created a new question", "created_at": "2018-05-20T09:32:41.514Z"}}, {"model": "sautiYangu.notification", "pk": 159, "fields": {"user": 2, "text": "your question has been reported as out of topic", "created_at": "2018-05-20T09:39:25.062Z"}}, {"model": "sautiYangu.notification", "pk": 160, "fields": {"user": 2, "text": "criss autobot commented on your answer", "created_at": "2018-05-20T09:54:15.484Z"}}, {"model": "sautiYangu.notification", "pk": 161, "fields": {"user": 2, "text": "criss autobot commented on your answer", "created_at": "2018-05-20T10:05:22.847Z"}}, {"model": "sautiYangu.notification", "pk": 162, "fields": {"user": 2, "text": "your answer has been reported as repeated", "created_at": "2018-05-20T10:17:40.176Z"}}, {"model": "sautiYangu.notification", "pk": 163, "fields": {"user": 3, "text": "your comment has been reported as repeated", "created_at": "2018-05-20T10:18:18.011Z"}}, {"model": "sautiYangu.notification", "pk": 164, "fields": {"user": 2, "text": "criss autobot created a new article", "created_at": "2018-05-20T10:42:11.257Z"}}, {"model": "contenttypes.contenttype", "pk": 1, "fields": {"app_label": "accounts", "model": "customuser"}}, {"model": "contenttypes.contenttype", "pk": 2, "fields": {"app_label": "accounts", "model": "instituteprofile"}}, {"model": "contenttypes.contenttype", "pk": 3, "fields": {"app_label": "accounts", "model": "userfollow"}}, {"model": "contenttypes.contenttype", "pk": 4, "fields": {"app_label": "accounts", "model": "userprofile"}}, {"model": "contenttypes.contenttype", "pk": 5, "fields": {"app_label": "uliza", "model": "answer"}}, {"model": "contenttypes.contenttype", "pk": 6, "fields": {"app_label": "uliza", "model": "answervote"}}, {"model": "contenttypes.contenttype", "pk": 7, "fields": {"app_label": "uliza", "model": "bookmark"}}, {"model": "contenttypes.contenttype", "pk": 8, "fields": {"app_label": "uliza", "model": "commenttoananswer"}}, {"model": "contenttypes.contenttype", "pk": 9, "fields": {"app_label": "uliza", "model": "followedquestion"}}, {"model": "contenttypes.contenttype", "pk": 10, "fields": {"app_label": "uliza", "model": "question"}}, {"model": "contenttypes.contenttype", "pk": 11, "fields": {"app_label": "uliza", "model": "reportedanswer"}}, {"model": "contenttypes.contenttype", "pk": 12, "fields": {"app_label": "uliza", "model": "reportedanswercomment"}}, {"model": "contenttypes.contenttype", "pk": 13, "fields": {"app_label": "uliza", "model": "reportedquestion"}}, {"model": "contenttypes.contenttype", "pk": 14, "fields": {"app_label": "article", "model": "article"}}, {"model": "contenttypes.contenttype", "pk": 15, "fields": {"app_label": "article", "model": "articlevote"}}, {"model": "contenttypes.contenttype", "pk": 16, "fields": {"app_label": "article", "model": "bookmarkedarticle"}}, {"model": "contenttypes.contenttype", "pk": 17, "fields": {"app_label": "article", "model": "commenttoanarticle"}}, {"model": "contenttypes.contenttype", "pk": 18, "fields": {"app_label": "article", "model": "reportedarticle"}}, {"model": "contenttypes.contenttype", "pk": 19, "fields": {"app_label": "article", "model": "reportedarticlecomment"}}, {"model": "contenttypes.contenttype", "pk": 20, "fields": {"app_label": "sautiYangu", "model": "category"}}, {"model": "contenttypes.contenttype", "pk": 21, "fields": {"app_label": "sautiYangu", "model": "notification"}}, {"model": "contenttypes.contenttype", "pk": 22, "fields": {"app_label": "sautiYangu", "model": "notifyuser"}}, {"model": "contenttypes.contenttype", "pk": 23, "fields": {"app_label": "admin", "model": "logentry"}}, {"model": "contenttypes.contenttype", "pk": 24, "fields": {"app_label": "auth", "model": "permission"}}, {"model": "contenttypes.contenttype", "pk": 25, "fields": {"app_label": "auth", "model": "group"}}, {"model": "contenttypes.contenttype", "pk": 26, "fields": {"app_label": "contenttypes", "model": "contenttype"}}, {"model": "contenttypes.contenttype", "pk": 27, "fields": {"app_label": "sessions", "model": "session"}}, {"model": "contenttypes.contenttype", "pk": 28, "fields": {"app_label": "uliza", "model": "commenttoaquestion"}}, {"model": "contenttypes.contenttype", "pk": 29, "fields": {"app_label": "uliza", "model": "reportedquestioncomment"}}, {"model": "sessions.session", "pk": "2p0f5gik5f0cio6mt4a9hgwpb5v3pgxy", "fields": {"session_data": "MzZjZGIwNjgwNDRkYjc0MDdhNDRhZWQ0ZTY3MGY2ZjM1YjMzNTQ1OTp7Il9hdXRoX3VzZXJfaWQiOiIxIiwiX2F1dGhfdXNlcl9iYWNrZW5kIjoiYWNjb3VudHMuYmFja2VuZHMuQ3VzdG9tVXNlckF1dGgiLCJfYXV0aF91c2VyX2hhc2giOiI2MzQ3ZGMyYzJiY2QwYTljYjdkNzFkYWU1NDMyYmZjOWNkMTAzZWY0In0=", "expire_date": "2018-05-29T21:06:08.007Z"}}, {"model": "sessions.session", "pk": "7fw855yepno3mdx37pan6363lbskw3or", "fields": {"session_data": "YTQ3MTZlZjg1NTE2Y2FlYzZlYzQ3NzJiZDVjZjhiNjA4MWE1YjNjNDp7InVzZXJuYW1lIjoibGlzYUBnbWFpbC5jb20iLCJfYXV0aF91c2VyX2lkIjoiMyIsIl9hdXRoX3VzZXJfYmFja2VuZCI6ImFjY291bnRzLmJhY2tlbmRzLkN1c3RvbVVzZXJBdXRoIiwiX2F1dGhfdXNlcl9oYXNoIjoiYWI3YjNlNGZjNmIzYmY4Nzg5NzJmODIwODIwNmViMGM3ZDUyZTBlMSJ9", "expire_date": "2018-06-02T14:57:01.359Z"}}, {"model": "sessions.session", "pk": "9hyc4gnl88qm9ux815ee9ixsgqbk7tvy", "fields": {"session_data": "MzZjZGIwNjgwNDRkYjc0MDdhNDRhZWQ0ZTY3MGY2ZjM1YjMzNTQ1OTp7Il9hdXRoX3VzZXJfaWQiOiIxIiwiX2F1dGhfdXNlcl9iYWNrZW5kIjoiYWNjb3VudHMuYmFja2VuZHMuQ3VzdG9tVXNlckF1dGgiLCJfYXV0aF91c2VyX2hhc2giOiI2MzQ3ZGMyYzJiY2QwYTljYjdkNzFkYWU1NDMyYmZjOWNkMTAzZWY0In0=", "expire_date": "2018-05-28T13:27:29.360Z"}}, {"model": "sessions.session", "pk": "ajk403hkvajpy8zejv0m8beum27x0x68", "fields": {"session_data": "MzZjZGIwNjgwNDRkYjc0MDdhNDRhZWQ0ZTY3MGY2ZjM1YjMzNTQ1OTp7Il9hdXRoX3VzZXJfaWQiOiIxIiwiX2F1dGhfdXNlcl9iYWNrZW5kIjoiYWNjb3VudHMuYmFja2VuZHMuQ3VzdG9tVXNlckF1dGgiLCJfYXV0aF91c2VyX2hhc2giOiI2MzQ3ZGMyYzJiY2QwYTljYjdkNzFkYWU1NDMyYmZjOWNkMTAzZWY0In0=", "expire_date": "2018-06-02T09:42:22.037Z"}}, {"model": "sessions.session", "pk": "cn3mufblw1n0e30o1spq7ey0dha40hvs", "fields": {"session_data": "MzZjZGIwNjgwNDRkYjc0MDdhNDRhZWQ0ZTY3MGY2ZjM1YjMzNTQ1OTp7Il9hdXRoX3VzZXJfaWQiOiIxIiwiX2F1dGhfdXNlcl9iYWNrZW5kIjoiYWNjb3VudHMuYmFja2VuZHMuQ3VzdG9tVXNlckF1dGgiLCJfYXV0aF91c2VyX2hhc2giOiI2MzQ3ZGMyYzJiY2QwYTljYjdkNzFkYWU1NDMyYmZjOWNkMTAzZWY0In0=", "expire_date": "2018-06-03T14:29:15.026Z"}}, {"model": "sessions.session", "pk": "me1mum3sgl3gks1cez4851slehlkdcax", "fields": {"session_data": "ZWU1ZDQxOGVhNmNiY2YwM2U2MzM3N2Y1ZjYzM2ZmMWJhYzYyNjE5Mjp7InVzZXJuYW1lIjoiY3Jpc3R3aW5zaG9vQGdtYWlsLmNvbSIsIl9hdXRoX3VzZXJfaWQiOiIyIiwiX2F1dGhfdXNlcl9iYWNrZW5kIjoiYWNjb3VudHMuYmFja2VuZHMuQ3VzdG9tVXNlckF1dGgiLCJfYXV0aF91c2VyX2hhc2giOiJkNDE2MDRjNzkzZGNiOTY5NzJiNzdiMjdlMWE3NGM2YTMyODYwYWVlIn0=", "expire_date": "2018-05-26T17:16:45.496Z"}}, {"model": "sessions.session", "pk": "p918i1f4xpulspg5qsitvpeaci1w5g86", "fields": {"session_data": "MzZjZGIwNjgwNDRkYjc0MDdhNDRhZWQ0ZTY3MGY2ZjM1YjMzNTQ1OTp7Il9hdXRoX3VzZXJfaWQiOiIxIiwiX2F1dGhfdXNlcl9iYWNrZW5kIjoiYWNjb3VudHMuYmFja2VuZHMuQ3VzdG9tVXNlckF1dGgiLCJfYXV0aF91c2VyX2hhc2giOiI2MzQ3ZGMyYzJiY2QwYTljYjdkNzFkYWU1NDMyYmZjOWNkMTAzZWY0In0=", "expire_date": "2018-06-02T14:29:28.980Z"}}, {"model": "sessions.session", "pk": "wrxn32w1yv4mqwn4x94o5u6ma6yrl6ck", "fields": {"session_data": "ZWU1ZDQxOGVhNmNiY2YwM2U2MzM3N2Y1ZjYzM2ZmMWJhYzYyNjE5Mjp7InVzZXJuYW1lIjoiY3Jpc3R3aW5zaG9vQGdtYWlsLmNvbSIsIl9hdXRoX3VzZXJfaWQiOiIyIiwiX2F1dGhfdXNlcl9iYWNrZW5kIjoiYWNjb3VudHMuYmFja2VuZHMuQ3VzdG9tVXNlckF1dGgiLCJfYXV0aF91c2VyX2hhc2giOiJkNDE2MDRjNzkzZGNiOTY5NzJiNzdiMjdlMWE3NGM2YTMyODYwYWVlIn0=", "expire_date": "2018-06-03T14:10:14.490Z"}}, {"model": "auth.permission", "pk": 1, "fields": {"name": "Can add custom user", "content_type": 1, "codename": "add_customuser"}}, {"model": "auth.permission", "pk": 2, "fields": {"name": "Can change custom user", "content_type": 1, "codename": "change_customuser"}}, {"model": "auth.permission", "pk": 3, "fields": {"name": "Can delete custom user", "content_type": 1, "codename": "delete_customuser"}}, {"model": "auth.permission", "pk": 4, "fields": {"name": "Can add institute profile", "content_type": 2, "codename": "add_instituteprofile"}}, {"model": "auth.permission", "pk": 5, "fields": {"name": "Can change institute profile", "content_type": 2, "codename": "change_instituteprofile"}}, {"model": "auth.permission", "pk": 6, "fields": {"name": "Can delete institute profile", "content_type": 2, "codename": "delete_instituteprofile"}}, {"model": "auth.permission", "pk": 7, "fields": {"name": "Can add user follow", "content_type": 3, "codename": "add_userfollow"}}, {"model": "auth.permission", "pk": 8, "fields": {"name": "Can change user follow", "content_type": 3, "codename": "change_userfollow"}}, {"model": "auth.permission", "pk": 9, "fields": {"name": "Can delete user follow", "content_type": 3, "codename": "delete_userfollow"}}, {"model": "auth.permission", "pk": 10, "fields": {"name": "Can add user profile", "content_type": 4, "codename": "add_userprofile"}}, {"model": "auth.permission", "pk": 11, "fields": {"name": "Can change user profile", "content_type": 4, "codename": "change_userprofile"}}, {"model": "auth.permission", "pk": 12, "fields": {"name": "Can delete user profile", "content_type": 4, "codename": "delete_userprofile"}}, {"model": "auth.permission", "pk": 13, "fields": {"name": "Can add answer", "content_type": 5, "codename": "add_answer"}}, {"model": "auth.permission", "pk": 14, "fields": {"name": "Can change answer", "content_type": 5, "codename": "change_answer"}}, {"model": "auth.permission", "pk": 15, "fields": {"name": "Can delete answer", "content_type": 5, "codename": "delete_answer"}}, {"model": "auth.permission", "pk": 16, "fields": {"name": "Can add answer vote", "content_type": 6, "codename": "add_answervote"}}, {"model": "auth.permission", "pk": 17, "fields": {"name": "Can change answer vote", "content_type": 6, "codename": "change_answervote"}}, {"model": "auth.permission", "pk": 18, "fields": {"name": "Can delete answer vote", "content_type": 6, "codename": "delete_answervote"}}, {"model": "auth.permission", "pk": 19, "fields": {"name": "Can add bookmark", "content_type": 7, "codename": "add_bookmark"}}, {"model": "auth.permission", "pk": 20, "fields": {"name": "Can change bookmark", "content_type": 7, "codename": "change_bookmark"}}, {"model": "auth.permission", "pk": 21, "fields": {"name": "Can delete bookmark", "content_type": 7, "codename": "delete_bookmark"}}, {"model": "auth.permission", "pk": 22, "fields": {"name": "Can add comment to an answer", "content_type": 8, "codename": "add_commenttoananswer"}}, {"model": "auth.permission", "pk": 23, "fields": {"name": "Can change comment to an answer", "content_type": 8, "codename": "change_commenttoananswer"}}, {"model": "auth.permission", "pk": 24, "fields": {"name": "Can delete comment to an answer", "content_type": 8, "codename": "delete_commenttoananswer"}}, {"model": "auth.permission", "pk": 25, "fields": {"name": "Can add followed question", "content_type": 9, "codename": "add_followedquestion"}}, {"model": "auth.permission", "pk": 26, "fields": {"name": "Can change followed question", "content_type": 9, "codename": "change_followedquestion"}}, {"model": "auth.permission", "pk": 27, "fields": {"name": "Can delete followed question", "content_type": 9, "codename": "delete_followedquestion"}}, {"model": "auth.permission", "pk": 28, "fields": {"name": "Can add question", "content_type": 10, "codename": "add_question"}}, {"model": "auth.permission", "pk": 29, "fields": {"name": "Can change question", "content_type": 10, "codename": "change_question"}}, {"model": "auth.permission", "pk": 30, "fields": {"name": "Can delete question", "content_type": 10, "codename": "delete_question"}}, {"model": "auth.permission", "pk": 31, "fields": {"name": "Can add reported answer", "content_type": 11, "codename": "add_reportedanswer"}}, {"model": "auth.permission", "pk": 32, "fields": {"name": "Can change reported answer", "content_type": 11, "codename": "change_reportedanswer"}}, {"model": "auth.permission", "pk": 33, "fields": {"name": "Can delete reported answer", "content_type": 11, "codename": "delete_reportedanswer"}}, {"model": "auth.permission", "pk": 34, "fields": {"name": "Can add reported answer comment", "content_type": 12, "codename": "add_reportedanswercomment"}}, {"model": "auth.permission", "pk": 35, "fields": {"name": "Can change reported answer comment", "content_type": 12, "codename": "change_reportedanswercomment"}}, {"model": "auth.permission", "pk": 36, "fields": {"name": "Can delete reported answer comment", "content_type": 12, "codename": "delete_reportedanswercomment"}}, {"model": "auth.permission", "pk": 37, "fields": {"name": "Can add reported question", "content_type": 13, "codename": "add_reportedquestion"}}, {"model": "auth.permission", "pk": 38, "fields": {"name": "Can change reported question", "content_type": 13, "codename": "change_reportedquestion"}}, {"model": "auth.permission", "pk": 39, "fields": {"name": "Can delete reported question", "content_type": 13, "codename": "delete_reportedquestion"}}, {"model": "auth.permission", "pk": 40, "fields": {"name": "Can add article", "content_type": 14, "codename": "add_article"}}, {"model": "auth.permission", "pk": 41, "fields": {"name": "Can change article", "content_type": 14, "codename": "change_article"}}, {"model": "auth.permission", "pk": 42, "fields": {"name": "Can delete article", "content_type": 14, "codename": "delete_article"}}, {"model": "auth.permission", "pk": 43, "fields": {"name": "Can add article vote", "content_type": 15, "codename": "add_articlevote"}}, {"model": "auth.permission", "pk": 44, "fields": {"name": "Can change article vote", "content_type": 15, "codename": "change_articlevote"}}, {"model": "auth.permission", "pk": 45, "fields": {"name": "Can delete article vote", "content_type": 15, "codename": "delete_articlevote"}}, {"model": "auth.permission", "pk": 46, "fields": {"name": "Can add bookmarked article", "content_type": 16, "codename": "add_bookmarkedarticle"}}, {"model": "auth.permission", "pk": 47, "fields": {"name": "Can change bookmarked article", "content_type": 16, "codename": "change_bookmarkedarticle"}}, {"model": "auth.permission", "pk": 48, "fields": {"name": "Can delete bookmarked article", "content_type": 16, "codename": "delete_bookmarkedarticle"}}, {"model": "auth.permission", "pk": 49, "fields": {"name": "Can add comment to an article", "content_type": 17, "codename": "add_commenttoanarticle"}}, {"model": "auth.permission", "pk": 50, "fields": {"name": "Can change comment to an article", "content_type": 17, "codename": "change_commenttoanarticle"}}, {"model": "auth.permission", "pk": 51, "fields": {"name": "Can delete comment to an article", "content_type": 17, "codename": "delete_commenttoanarticle"}}, {"model": "auth.permission", "pk": 52, "fields": {"name": "Can add reported article", "content_type": 18, "codename": "add_reportedarticle"}}, {"model": "auth.permission", "pk": 53, "fields": {"name": "Can change reported article", "content_type": 18, "codename": "change_reportedarticle"}}, {"model": "auth.permission", "pk": 54, "fields": {"name": "Can delete reported article", "content_type": 18, "codename": "delete_reportedarticle"}}, {"model": "auth.permission", "pk": 55, "fields": {"name": "Can add reported article comment", "content_type": 19, "codename": "add_reportedarticlecomment"}}, {"model": "auth.permission", "pk": 56, "fields": {"name": "Can change reported article comment", "content_type": 19, "codename": "change_reportedarticlecomment"}}, {"model": "auth.permission", "pk": 57, "fields": {"name": "Can delete reported article comment", "content_type": 19, "codename": "delete_reportedarticlecomment"}}, {"model": "auth.permission", "pk": 58, "fields": {"name": "Can add category", "content_type": 20, "codename": "add_category"}}, {"model": "auth.permission", "pk": 59, "fields": {"name": "Can change category", "content_type": 20, "codename": "change_category"}}, {"model": "auth.permission", "pk": 60, "fields": {"name": "Can delete category", "content_type": 20, "codename": "delete_category"}}, {"model": "auth.permission", "pk": 61, "fields": {"name": "Can add notification", "content_type": 21, "codename": "add_notification"}}, {"model": "auth.permission", "pk": 62, "fields": {"name": "Can change notification", "content_type": 21, "codename": "change_notification"}}, {"model": "auth.permission", "pk": 63, "fields": {"name": "Can delete notification", "content_type": 21, "codename": "delete_notification"}}, {"model": "auth.permission", "pk": 64, "fields": {"name": "Can add notify user", "content_type": 22, "codename": "add_notifyuser"}}, {"model": "auth.permission", "pk": 65, "fields": {"name": "Can change notify user", "content_type": 22, "codename": "change_notifyuser"}}, {"model": "auth.permission", "pk": 66, "fields": {"name": "Can delete notify user", "content_type": 22, "codename": "delete_notifyuser"}}, {"model": "auth.permission", "pk": 67, "fields": {"name": "Can add log entry", "content_type": 23, "codename": "add_logentry"}}, {"model": "auth.permission", "pk": 68, "fields": {"name": "Can change log entry", "content_type": 23, "codename": "change_logentry"}}, {"model": "auth.permission", "pk": 69, "fields": {"name": "Can delete log entry", "content_type": 23, "codename": "delete_logentry"}}, {"model": "auth.permission", "pk": 70, "fields": {"name": "Can add permission", "content_type": 24, "codename": "add_permission"}}, {"model": "auth.permission", "pk": 71, "fields": {"name": "Can change permission", "content_type": 24, "codename": "change_permission"}}, {"model": "auth.permission", "pk": 72, "fields": {"name": "Can delete permission", "content_type": 24, "codename": "delete_permission"}}, {"model": "auth.permission", "pk": 73, "fields": {"name": "Can add group", "content_type": 25, "codename": "add_group"}}, {"model": "auth.permission", "pk": 74, "fields": {"name": "Can change group", "content_type": 25, "codename": "change_group"}}, {"model": "auth.permission", "pk": 75, "fields": {"name": "Can delete group", "content_type": 25, "codename": "delete_group"}}, {"model": "auth.permission", "pk": 76, "fields": {"name": "Can add content type", "content_type": 26, "codename": "add_contenttype"}}, {"model": "auth.permission", "pk": 77, "fields": {"name": "Can change content type", "content_type": 26, "codename": "change_contenttype"}}, {"model": "auth.permission", "pk": 78, "fields": {"name": "Can delete content type", "content_type": 26, "codename": "delete_contenttype"}}, {"model": "auth.permission", "pk": 79, "fields": {"name": "Can add session", "content_type": 27, "codename": "add_session"}}, {"model": "auth.permission", "pk": 80, "fields": {"name": "Can change session", "content_type": 27, "codename": "change_session"}}, {"model": "auth.permission", "pk": 81, "fields": {"name": "Can delete session", "content_type": 27, "codename": "delete_session"}}, {"model": "auth.permission", "pk": 82, "fields": {"name": "Can add comment to a question", "content_type": 28, "codename": "add_commenttoaquestion"}}, {"model": "auth.permission", "pk": 83, "fields": {"name": "Can change comment to a question", "content_type": 28, "codename": "change_commenttoaquestion"}}, {"model": "auth.permission", "pk": 84, "fields": {"name": "Can delete comment to a question", "content_type": 28, "codename": "delete_commenttoaquestion"}}, {"model": "auth.permission", "pk": 85, "fields": {"name": "Can add reported question comment", "content_type": 29, "codename": "add_reportedquestioncomment"}}, {"model": "auth.permission", "pk": 86, "fields": {"name": "Can change reported question comment", "content_type": 29, "codename": "change_reportedquestioncomment"}}, {"model": "auth.permission", "pk": 87, "fields": {"name": "Can delete reported question comment", "content_type": 29, "codename": "delete_reportedquestioncomment"}}, {"model": "admin.logentry", "pk": 1, "fields": {"action_time": "2018-05-12T14:58:57.377Z", "user": 1, "content_type": 1, "object_id": "3", "object_repr": "lisa@gmail.com", "action_flag": 1, "change_message": "[{\"added\": {}}]"}}, {"model": "admin.logentry", "pk": 2, "fields": {"action_time": "2018-05-12T14:59:03.705Z", "user": 1, "content_type": 1, "object_id": "3", "object_repr": "lisa@gmail.com", "action_flag": 2, "change_message": "[{\"changed\": {\"fields\": [\"is_active\"]}}]"}}, {"model": "admin.logentry", "pk": 3, "fields": {"action_time": "2018-05-12T14:59:24.847Z", "user": 1, "content_type": 1, "object_id": "4", "object_repr": "joan@gmail.com", "action_flag": 1, "change_message": "[{\"added\": {}}]"}}, {"model": "admin.logentry", "pk": 4, "fields": {"action_time": "2018-05-12T14:59:29.555Z", "user": 1, "content_type": 1, "object_id": "4", "object_repr": "joan@gmail.com", "action_flag": 2, "change_message": "[{\"changed\": {\"fields\": [\"is_active\"]}}]"}}, {"model": "admin.logentry", "pk": 5, "fields": {"action_time": "2018-05-12T14:59:49.473Z", "user": 1, "content_type": 1, "object_id": "5", "object_repr": "mariam@gmail.com", "action_flag": 1, "change_message": "[{\"added\": {}}]"}}, {"model": "admin.logentry", "pk": 6, "fields": {"action_time": "2018-05-12T14:59:57.433Z", "user": 1, "content_type": 1, "object_id": "5", "object_repr": "mariam@gmail.com", "action_flag": 2, "change_message": "[{\"changed\": {\"fields\": [\"is_active\"]}}]"}}, {"model": "admin.logentry", "pk": 7, "fields": {"action_time": "2018-05-12T15:00:22.236Z", "user": 1, "content_type": 1, "object_id": "6", "object_repr": "muhimbili@gmail.com", "action_flag": 1, "change_message": "[{\"added\": {}}]"}}, {"model": "admin.logentry", "pk": 8, "fields": {"action_time": "2018-05-12T15:00:27.901Z", "user": 1, "content_type": 1, "object_id": "6", "object_repr": "muhimbili@gmail.com", "action_flag": 2, "change_message": "[{\"changed\": {\"fields\": [\"user_role\", \"is_active\"]}}]"}}, {"model": "admin.logentry", "pk": 9, "fields": {"action_time": "2018-05-12T15:00:50.532Z", "user": 1, "content_type": 4, "object_id": "6", "object_repr": "muhimbili@gmail.com", "action_flag": 3, "change_message": ""}}, {"model": "admin.logentry", "pk": 10, "fields": {"action_time": "2018-05-12T15:01:16.613Z", "user": 1, "content_type": 4, "object_id": "5", "object_repr": "mariam@gmail.com", "action_flag": 2, "change_message": "[{\"changed\": {\"fields\": [\"first_name\", \"last_name\", \"bio\", \"geder\"]}}]"}}, {"model": "admin.logentry", "pk": 11, "fields": {"action_time": "2018-05-12T15:01:30.777Z", "user": 1, "content_type": 4, "object_id": "4", "object_repr": "joan@gmail.com", "action_flag": 2, "change_message": "[{\"changed\": {\"fields\": [\"first_name\", \"last_name\"]}}]"}}, {"model": "admin.logentry", "pk": 12, "fields": {"action_time": "2018-05-12T15:01:49.211Z", "user": 1, "content_type": 4, "object_id": "3", "object_repr": "lisa@gmail.com", "action_flag": 2, "change_message": "[{\"changed\": {\"fields\": [\"first_name\", \"last_name\", \"bio\", \"geder\"]}}]"}}, {"model": "admin.logentry", "pk": 13, "fields": {"action_time": "2018-05-12T15:02:02.307Z", "user": 1, "content_type": 4, "object_id": "2", "object_repr": "cristwinshoo@gmail.com", "action_flag": 2, "change_message": "[{\"changed\": {\"fields\": [\"first_name\", \"last_name\"]}}]"}}, {"model": "admin.logentry", "pk": 14, "fields": {"action_time": "2018-05-12T15:02:11.666Z", "user": 1, "content_type": 4, "object_id": "4", "object_repr": "joan@gmail.com", "action_flag": 2, "change_message": "[{\"changed\": {\"fields\": [\"geder\"]}}]"}}, {"model": "admin.logentry", "pk": 15, "fields": {"action_time": "2018-05-12T15:02:31.984Z", "user": 1, "content_type": 4, "object_id": "1", "object_repr": "chriss@gmail.com", "action_flag": 2, "change_message": "[{\"changed\": {\"fields\": [\"first_name\", \"last_name\", \"geder\"]}}]"}}, {"model": "admin.logentry", "pk": 16, "fields": {"action_time": "2018-05-12T15:02:59.984Z", "user": 1, "content_type": 20, "object_id": "1", "object_repr": "GERAL PUBLIC", "action_flag": 1, "change_message": "[{\"added\": {}}]"}}, {"model": "admin.logentry", "pk": 17, "fields": {"action_time": "2018-05-12T15:03:58.169Z", "user": 1, "content_type": 2, "object_id": "1", "object_repr": "national hospital", "action_flag": 1, "change_message": "[{\"added\": {}}]"}}, {"model": "admin.logentry", "pk": 18, "fields": {"action_time": "2018-05-12T15:04:12.827Z", "user": 1, "content_type": 3, "object_id": "1", "object_repr": "cristwinshoo@gmail.com", "action_flag": 1, "change_message": "[{\"added\": {}}]"}}, {"model": "admin.logentry", "pk": 19, "fields": {"action_time": "2018-05-12T15:04:22.010Z", "user": 1, "content_type": 3, "object_id": "2", "object_repr": "cristwinshoo@gmail.com", "action_flag": 1, "change_message": "[{\"added\": {}}]"}}, {"model": "admin.logentry", "pk": 20, "fields": {"action_time": "2018-05-12T15:04:29.816Z", "user": 1, "content_type": 3, "object_id": "3", "object_repr": "lisa@gmail.com", "action_flag": 1, "change_message": "[{\"added\": {}}]"}}, {"model": "admin.logentry", "pk": 21, "fields": {"action_time": "2018-05-12T15:04:42.038Z", "user": 1, "content_type": 3, "object_id": "4", "object_repr": "joan@gmail.com", "action_flag": 1, "change_message": "[{\"added\": {}}]"}}, {"model": "admin.logentry", "pk": 22, "fields": {"action_time": "2018-05-12T15:04:51.461Z", "user": 1, "content_type": 3, "object_id": "5", "object_repr": "joan@gmail.com", "action_flag": 1, "change_message": "[{\"added\": {}}]"}}, {"model": "admin.logentry", "pk": 23, "fields": {"action_time": "2018-05-12T15:05:00.289Z", "user": 1, "content_type": 3, "object_id": "6", "object_repr": "chriss@gmail.com", "action_flag": 1, "change_message": "[{\"added\": {}}]"}}, {"model": "admin.logentry", "pk": 24, "fields": {"action_time": "2018-05-12T15:05:10.204Z", "user": 1, "content_type": 3, "object_id": "7", "object_repr": "cristwinshoo@gmail.com", "action_flag": 1, "change_message": "[{\"added\": {}}]"}}, {"model": "admin.logentry", "pk": 25, "fields": {"action_time": "2018-05-12T15:05:26.541Z", "user": 1, "content_type": 3, "object_id": "8", "object_repr": "cristwinshoo@gmail.com", "action_flag": 1, "change_message": "[{\"added\": {}}]"}}, {"model": "admin.logentry", "pk": 26, "fields": {"action_time": "2018-05-12T15:05:34.774Z", "user": 1, "content_type": 3, "object_id": "8", "object_repr": "cristwinshoo@gmail.com", "action_flag": 3, "change_message": ""}}, {"model": "admin.logentry", "pk": 27, "fields": {"action_time": "2018-05-12T15:06:20.560Z", "user": 1, "content_type": 3, "object_id": "9", "object_repr": "cristwinshoo@gmail.com", "action_flag": 1, "change_message": "[{\"added\": {}}]"}}, {"model": "admin.logentry", "pk": 28, "fields": {"action_time": "2018-05-12T15:06:27.838Z", "user": 1, "content_type": 3, "object_id": "10", "object_repr": "chriss@gmail.com", "action_flag": 1, "change_message": "[{\"added\": {}}]"}}, {"model": "admin.logentry", "pk": 29, "fields": {"action_time": "2018-05-12T15:06:36.617Z", "user": 1, "content_type": 3, "object_id": "11", "object_repr": "lisa@gmail.com", "action_flag": 1, "change_message": "[{\"added\": {}}]"}}, {"model": "admin.logentry", "pk": 30, "fields": {"action_time": "2018-05-12T15:06:44.362Z", "user": 1, "content_type": 3, "object_id": "12", "object_repr": "joan@gmail.com", "action_flag": 1, "change_message": "[{\"added\": {}}]"}}, {"model": "admin.logentry", "pk": 31, "fields": {"action_time": "2018-05-12T15:13:38.610Z", "user": 1, "content_type": 14, "object_id": "1", "object_repr": "LOREM IPSUDOM", "action_flag": 1, "change_message": "[{\"added\": {}}]"}}, {"model": "admin.logentry", "pk": 32, "fields": {"action_time": "2018-05-12T15:14:56.021Z", "user": 1, "content_type": 14, "object_id": "2", "object_repr": "Girl you know", "action_flag": 1, "change_message": "[{\"added\": {}}]"}}, {"model": "admin.logentry", "pk": 33, "fields": {"action_time": "2018-05-12T15:16:11.967Z", "user": 1, "content_type": 15, "object_id": "1", "object_repr": "cristwinshoo@gmail.com", "action_flag": 1, "change_message": "[{\"added\": {}}]"}}, {"model": "admin.logentry", "pk": 34, "fields": {"action_time": "2018-05-12T15:16:23.455Z", "user": 1, "content_type": 15, "object_id": "2", "object_repr": "chriss@gmail.com", "action_flag": 1, "change_message": "[{\"added\": {}}]"}}, {"model": "admin.logentry", "pk": 35, "fields": {"action_time": "2018-05-12T15:16:33.567Z", "user": 1, "content_type": 15, "object_id": "3", "object_repr": "lisa@gmail.com", "action_flag": 1, "change_message": "[{\"added\": {}}]"}}, {"model": "admin.logentry", "pk": 36, "fields": {"action_time": "2018-05-12T15:16:44.143Z", "user": 1, "content_type": 15, "object_id": "4", "object_repr": "joan@gmail.com", "action_flag": 1, "change_message": "[{\"added\": {}}]"}}, {"model": "admin.logentry", "pk": 37, "fields": {"action_time": "2018-05-12T15:16:54.227Z", "user": 1, "content_type": 15, "object_id": "5", "object_repr": "mariam@gmail.com", "action_flag": 1, "change_message": "[{\"added\": {}}]"}}, {"model": "admin.logentry", "pk": 38, "fields": {"action_time": "2018-05-12T15:17:09.193Z", "user": 1, "content_type": 15, "object_id": "6", "object_repr": "cristwinshoo@gmail.com", "action_flag": 1, "change_message": "[{\"added\": {}}]"}}, {"model": "admin.logentry", "pk": 39, "fields": {"action_time": "2018-05-12T15:17:20.401Z", "user": 1, "content_type": 15, "object_id": "7", "object_repr": "lisa@gmail.com", "action_flag": 1, "change_message": "[{\"added\": {}}]"}}, {"model": "admin.logentry", "pk": 40, "fields": {"action_time": "2018-05-12T15:17:31.764Z", "user": 1, "content_type": 15, "object_id": "8", "object_repr": "mariam@gmail.com", "action_flag": 1, "change_message": "[{\"added\": {}}]"}}, {"model": "admin.logentry", "pk": 41, "fields": {"action_time": "2018-05-12T15:18:21.645Z", "user": 1, "content_type": 16, "object_id": "1", "object_repr": "joan@gmail.com", "action_flag": 1, "change_message": "[{\"added\": {}}]"}}, {"model": "admin.logentry", "pk": 42, "fields": {"action_time": "2018-05-12T15:18:54.182Z", "user": 1, "content_type": 17, "object_id": "1", "object_repr": "cristwinshoo@gmail.com", "action_flag": 1, "change_message": "[{\"added\": {}}]"}}, {"model": "admin.logentry", "pk": 43, "fields": {"action_time": "2018-05-12T15:19:12.065Z", "user": 1, "content_type": 17, "object_id": "2", "object_repr": "chriss@gmail.com", "action_flag": 1, "change_message": "[{\"added\": {}}]"}}, {"model": "admin.logentry", "pk": 44, "fields": {"action_time": "2018-05-12T15:19:54.740Z", "user": 1, "content_type": 17, "object_id": "3", "object_repr": "lisa@gmail.com", "action_flag": 1, "change_message": "[{\"added\": {}}]"}}, {"model": "admin.logentry", "pk": 45, "fields": {"action_time": "2018-05-12T15:20:07.538Z", "user": 1, "content_type": 17, "object_id": "4", "object_repr": "mariam@gmail.com", "action_flag": 1, "change_message": "[{\"added\": {}}]"}}, {"model": "admin.logentry", "pk": 46, "fields": {"action_time": "2018-05-12T15:20:22.900Z", "user": 1, "content_type": 17, "object_id": "5", "object_repr": "cristwinshoo@gmail.com", "action_flag": 1, "change_message": "[{\"added\": {}}]"}}, {"model": "admin.logentry", "pk": 47, "fields": {"action_time": "2018-05-12T15:20:40.863Z", "user": 1, "content_type": 17, "object_id": "6", "object_repr": "lisa@gmail.com", "action_flag": 1, "change_message": "[{\"added\": {}}]"}}, {"model": "admin.logentry", "pk": 48, "fields": {"action_time": "2018-05-12T15:21:02.287Z", "user": 1, "content_type": 17, "object_id": "7", "object_repr": "joan@gmail.com", "action_flag": 1, "change_message": "[{\"added\": {}}]"}}, {"model": "admin.logentry", "pk": 49, "fields": {"action_time": "2018-05-12T15:21:25.103Z", "user": 1, "content_type": 17, "object_id": "8", "object_repr": "cristwinshoo@gmail.com", "action_flag": 1, "change_message": "[{\"added\": {}}]"}}, {"model": "admin.logentry", "pk": 50, "fields": {"action_time": "2018-05-12T15:22:26.866Z", "user": 1, "content_type": 19, "object_id": "1", "object_repr": "she called us idiots", "action_flag": 1, "change_message": "[{\"added\": {}}]"}}, {"model": "admin.logentry", "pk": 51, "fields": {"action_time": "2018-05-12T15:22:56.028Z", "user": 1, "content_type": 18, "object_id": "1", "object_repr": "<p>&bdquo;Lorem ipsum &hellip;&ldquo; ist ein Schmucktext (Dummy, Platzhaltertext, F&uuml;lltext) von Schriftsetzern aus dem 16. Jahrhundert, der sich bis heute in Web- und Grafikbereichen gehalten ha", "action_flag": 1, "change_message": "[{\"added\": {}}]"}}, {"model": "admin.logentry", "pk": 52, "fields": {"action_time": "2018-05-12T18:40:32.356Z", "user": 1, "content_type": 14, "object_id": "2", "object_repr": "Girl you know", "action_flag": 2, "change_message": "[{\"changed\": {\"fields\": [\"category\"]}}]"}}, {"model": "admin.logentry", "pk": 53, "fields": {"action_time": "2018-05-13T12:10:51.827Z", "user": 1, "content_type": 14, "object_id": "3", "object_repr": "dsdasdasdd", "action_flag": 1, "change_message": "[{\"added\": {}}]"}}, {"model": "admin.logentry", "pk": 54, "fields": {"action_time": "2018-05-13T12:24:13.368Z", "user": 1, "content_type": 14, "object_id": "7", "object_repr": "dadasdasd", "action_flag": 1, "change_message": "[{\"added\": {}}]"}}, {"model": "admin.logentry", "pk": 55, "fields": {"action_time": "2018-05-13T13:23:10.737Z", "user": 1, "content_type": 14, "object_id": "10", "object_repr": "LOREM IPSUDOM", "action_flag": 3, "change_message": ""}}, {"model": "admin.logentry", "pk": 56, "fields": {"action_time": "2018-05-13T13:23:10.823Z", "user": 1, "content_type": 14, "object_id": "9", "object_repr": "LOREM IPSUDOM", "action_flag": 3, "change_message": ""}}, {"model": "admin.logentry", "pk": 57, "fields": {"action_time": "2018-05-13T13:23:10.911Z", "user": 1, "content_type": 14, "object_id": "8", "object_repr": "LOREM IPSUDOM", "action_flag": 3, "change_message": ""}}, {"model": "admin.logentry", "pk": 58, "fields": {"action_time": "2018-05-13T15:40:24.374Z", "user": 1, "content_type": 15, "object_id": "15", "object_repr": "cristwinshoo@gmail.com", "action_flag": 3, "change_message": ""}}, {"model": "admin.logentry", "pk": 59, "fields": {"action_time": "2018-05-13T15:40:24.470Z", "user": 1, "content_type": 15, "object_id": "14", "object_repr": "cristwinshoo@gmail.com", "action_flag": 3, "change_message": ""}}, {"model": "admin.logentry", "pk": 60, "fields": {"action_time": "2018-05-13T15:40:24.558Z", "user": 1, "content_type": 15, "object_id": "13", "object_repr": "cristwinshoo@gmail.com", "action_flag": 3, "change_message": ""}}, {"model": "admin.logentry", "pk": 61, "fields": {"action_time": "2018-05-13T15:40:24.647Z", "user": 1, "content_type": 15, "object_id": "12", "object_repr": "cristwinshoo@gmail.com", "action_flag": 3, "change_message": ""}}, {"model": "admin.logentry", "pk": 62, "fields": {"action_time": "2018-05-13T15:40:24.747Z", "user": 1, "content_type": 15, "object_id": "11", "object_repr": "cristwinshoo@gmail.com", "action_flag": 3, "change_message": ""}}, {"model": "admin.logentry", "pk": 63, "fields": {"action_time": "2018-05-13T15:40:24.847Z", "user": 1, "content_type": 15, "object_id": "10", "object_repr": "cristwinshoo@gmail.com", "action_flag": 3, "change_message": ""}}, {"model": "admin.logentry", "pk": 64, "fields": {"action_time": "2018-05-13T15:40:24.948Z", "user": 1, "content_type": 15, "object_id": "9", "object_repr": "cristwinshoo@gmail.com", "action_flag": 3, "change_message": ""}}, {"model": "admin.logentry", "pk": 65, "fields": {"action_time": "2018-05-13T15:40:25.048Z", "user": 1, "content_type": 15, "object_id": "6", "object_repr": "cristwinshoo@gmail.com", "action_flag": 3, "change_message": ""}}, {"model": "admin.logentry", "pk": 66, "fields": {"action_time": "2018-05-13T15:40:25.125Z", "user": 1, "content_type": 15, "object_id": "1", "object_repr": "cristwinshoo@gmail.com", "action_flag": 3, "change_message": ""}}, {"model": "admin.logentry", "pk": 67, "fields": {"action_time": "2018-05-13T15:40:45.829Z", "user": 1, "content_type": 14, "object_id": "11", "object_repr": "ASUS ROG STRIX", "action_flag": 2, "change_message": "[{\"changed\": {\"fields\": [\"content\", \"upvotes\", \"downvotes\"]}}]"}}, {"model": "admin.logentry", "pk": 68, "fields": {"action_time": "2018-05-13T16:12:58.800Z", "user": 1, "content_type": 15, "object_id": "33", "object_repr": "cristwinshoo@gmail.com", "action_flag": 3, "change_message": ""}}, {"model": "admin.logentry", "pk": 69, "fields": {"action_time": "2018-05-13T16:12:58.893Z", "user": 1, "content_type": 15, "object_id": "32", "object_repr": "cristwinshoo@gmail.com", "action_flag": 3, "change_message": ""}}, {"model": "admin.logentry", "pk": 70, "fields": {"action_time": "2018-05-13T16:12:58.981Z", "user": 1, "content_type": 15, "object_id": "31", "object_repr": "cristwinshoo@gmail.com", "action_flag": 3, "change_message": ""}}, {"model": "admin.logentry", "pk": 71, "fields": {"action_time": "2018-05-13T16:12:59.071Z", "user": 1, "content_type": 15, "object_id": "30", "object_repr": "cristwinshoo@gmail.com", "action_flag": 3, "change_message": ""}}, {"model": "admin.logentry", "pk": 72, "fields": {"action_time": "2018-05-13T16:12:59.159Z", "user": 1, "content_type": 15, "object_id": "29", "object_repr": "cristwinshoo@gmail.com", "action_flag": 3, "change_message": ""}}, {"model": "admin.logentry", "pk": 73, "fields": {"action_time": "2018-05-13T16:12:59.249Z", "user": 1, "content_type": 15, "object_id": "28", "object_repr": "cristwinshoo@gmail.com", "action_flag": 3, "change_message": ""}}, {"model": "admin.logentry", "pk": 74, "fields": {"action_time": "2018-05-13T16:12:59.338Z", "user": 1, "content_type": 15, "object_id": "27", "object_repr": "cristwinshoo@gmail.com", "action_flag": 3, "change_message": ""}}, {"model": "admin.logentry", "pk": 75, "fields": {"action_time": "2018-05-13T16:12:59.427Z", "user": 1, "content_type": 15, "object_id": "26", "object_repr": "cristwinshoo@gmail.com", "action_flag": 3, "change_message": ""}}, {"model": "admin.logentry", "pk": 76, "fields": {"action_time": "2018-05-13T16:12:59.516Z", "user": 1, "content_type": 15, "object_id": "25", "object_repr": "cristwinshoo@gmail.com", "action_flag": 3, "change_message": ""}}, {"model": "admin.logentry", "pk": 77, "fields": {"action_time": "2018-05-13T16:12:59.616Z", "user": 1, "content_type": 15, "object_id": "24", "object_repr": "cristwinshoo@gmail.com", "action_flag": 3, "change_message": ""}}, {"model": "admin.logentry", "pk": 78, "fields": {"action_time": "2018-05-13T16:12:59.716Z", "user": 1, "content_type": 15, "object_id": "23", "object_repr": "cristwinshoo@gmail.com", "action_flag": 3, "change_message": ""}}, {"model": "admin.logentry", "pk": 79, "fields": {"action_time": "2018-05-13T16:12:59.816Z", "user": 1, "content_type": 15, "object_id": "22", "object_repr": "cristwinshoo@gmail.com", "action_flag": 3, "change_message": ""}}, {"model": "admin.logentry", "pk": 80, "fields": {"action_time": "2018-05-13T16:12:59.915Z", "user": 1, "content_type": 15, "object_id": "21", "object_repr": "cristwinshoo@gmail.com", "action_flag": 3, "change_message": ""}}, {"model": "admin.logentry", "pk": 81, "fields": {"action_time": "2018-05-13T16:13:00.004Z", "user": 1, "content_type": 15, "object_id": "20", "object_repr": "cristwinshoo@gmail.com", "action_flag": 3, "change_message": ""}}, {"model": "admin.logentry", "pk": 82, "fields": {"action_time": "2018-05-13T16:13:00.105Z", "user": 1, "content_type": 15, "object_id": "19", "object_repr": "cristwinshoo@gmail.com", "action_flag": 3, "change_message": ""}}, {"model": "admin.logentry", "pk": 83, "fields": {"action_time": "2018-05-13T16:13:00.204Z", "user": 1, "content_type": 15, "object_id": "18", "object_repr": "cristwinshoo@gmail.com", "action_flag": 3, "change_message": ""}}, {"model": "admin.logentry", "pk": 84, "fields": {"action_time": "2018-05-13T16:13:00.293Z", "user": 1, "content_type": 15, "object_id": "17", "object_repr": "cristwinshoo@gmail.com", "action_flag": 3, "change_message": ""}}, {"model": "admin.logentry", "pk": 85, "fields": {"action_time": "2018-05-13T16:13:18.265Z", "user": 1, "content_type": 14, "object_id": "11", "object_repr": "ASUS ROG STRIX", "action_flag": 2, "change_message": "[{\"changed\": {\"fields\": [\"upvotes\"]}}]"}}, {"model": "admin.logentry", "pk": 86, "fields": {"action_time": "2018-05-13T16:13:49.349Z", "user": 1, "content_type": 15, "object_id": "16", "object_repr": "cristwinshoo@gmail.com", "action_flag": 3, "change_message": ""}}, {"model": "admin.logentry", "pk": 87, "fields": {"action_time": "2018-05-13T16:14:01.150Z", "user": 1, "content_type": 14, "object_id": "11", "object_repr": "ASUS ROG STRIX", "action_flag": 2, "change_message": "[{\"changed\": {\"fields\": [\"downvotes\"]}}]"}}, {"model": "admin.logentry", "pk": 88, "fields": {"action_time": "2018-05-13T16:14:38.968Z", "user": 1, "content_type": 15, "object_id": "34", "object_repr": "cristwinshoo@gmail.com", "action_flag": 1, "change_message": "[{\"added\": {}}]"}}, {"model": "admin.logentry", "pk": 89, "fields": {"action_time": "2018-05-13T16:28:44.592Z", "user": 1, "content_type": 15, "object_id": "35", "object_repr": "cristwinshoo@gmail.com", "action_flag": 3, "change_message": ""}}, {"model": "admin.logentry", "pk": 90, "fields": {"action_time": "2018-05-13T16:28:57.963Z", "user": 1, "content_type": 14, "object_id": "11", "object_repr": "ASUS ROG STRIX", "action_flag": 2, "change_message": "[{\"changed\": {\"fields\": [\"upvotes\"]}}]"}}, {"model": "admin.logentry", "pk": 91, "fields": {"action_time": "2018-05-13T17:15:22.974Z", "user": 1, "content_type": 15, "object_id": "40", "object_repr": "cristwinshoo@gmail.com", "action_flag": 3, "change_message": ""}}, {"model": "admin.logentry", "pk": 92, "fields": {"action_time": "2018-05-13T17:49:41.518Z", "user": 1, "content_type": 14, "object_id": "11", "object_repr": "ASUS ROG STRIX", "action_flag": 2, "change_message": "[{\"changed\": {\"fields\": [\"upvotes\", \"downvotes\"]}}]"}}, {"model": "admin.logentry", "pk": 93, "fields": {"action_time": "2018-05-13T18:15:17.054Z", "user": 1, "content_type": 15, "object_id": "49", "object_repr": "cristwinshoo@gmail.com", "action_flag": 3, "change_message": ""}}, {"model": "admin.logentry", "pk": 94, "fields": {"action_time": "2018-05-13T18:15:30.569Z", "user": 1, "content_type": 14, "object_id": "11", "object_repr": "ASUS ROG STRIX", "action_flag": 2, "change_message": "[{\"changed\": {\"fields\": [\"upvotes\"]}}]"}}, {"model": "admin.logentry", "pk": 95, "fields": {"action_time": "2018-05-17T11:10:27.635Z", "user": 1, "content_type": 15, "object_id": "51", "object_repr": "cristwinshoo@gmail.com", "action_flag": 3, "change_message": ""}}, {"model": "admin.logentry", "pk": 96, "fields": {"action_time": "2018-05-17T11:17:20.641Z", "user": 1, "content_type": 15, "object_id": "65", "object_repr": "cristwinshoo@gmail.com", "action_flag": 3, "change_message": ""}}, {"model": "admin.logentry", "pk": 97, "fields": {"action_time": "2018-05-17T11:17:20.746Z", "user": 1, "content_type": 15, "object_id": "61", "object_repr": "cristwinshoo@gmail.com", "action_flag": 3, "change_message": ""}}, {"model": "admin.logentry", "pk": 98, "fields": {"action_time": "2018-05-18T19:53:12.645Z", "user": 1, "content_type": 19, "object_id": "1", "object_repr": "she called us idiots", "action_flag": 3, "change_message": ""}}, {"model": "admin.logentry", "pk": 99, "fields": {"action_time": "2018-05-19T07:28:04.469Z", "user": 1, "content_type": 15, "object_id": "7", "object_repr": "lisa@gmail.com", "action_flag": 3, "change_message": ""}}, {"model": "admin.logentry", "pk": 100, "fields": {"action_time": "2018-05-19T07:28:04.556Z", "user": 1, "content_type": 15, "object_id": "3", "object_repr": "lisa@gmail.com", "action_flag": 3, "change_message": ""}}, {"model": "admin.logentry", "pk": 101, "fields": {"action_time": "2018-05-19T09:42:21.521Z", "user": 1, "content_type": 16, "object_id": "2", "object_repr": "lisa@gmail.com", "action_flag": 1, "change_message": "[{\"added\": {}}]"}}, {"model": "admin.logentry", "pk": 102, "fields": {"action_time": "2018-05-19T12:39:43.936Z", "user": 1, "content_type": 19, "object_id": "2", "object_repr": "no reason", "action_flag": 1, "change_message": "[{\"added\": {}}]"}}, {"model": "admin.logentry", "pk": 103, "fields": {"action_time": "2018-05-20T08:55:06.675Z", "user": 1, "content_type": 10, "object_id": "1", "object_repr": "why did they call me an idiot", "action_flag": 1, "change_message": "[{\"added\": {}}]"}}, {"model": "admin.logentry", "pk": 104, "fields": {"action_time": "2018-05-20T08:55:33.899Z", "user": 1, "content_type": 5, "object_id": "1", "object_repr": "why did they call me an idiot", "action_flag": 1, "change_message": "[{\"added\": {}}]"}}, {"model": "admin.logentry", "pk": 105, "fields": {"action_time": "2018-05-20T08:56:40.779Z", "user": 1, "content_type": 15, "object_id": "19", "object_repr": "mariam@gmail.com", "action_flag": 1, "change_message": "[{\"added\": {}}]"}}, {"model": "admin.logentry", "pk": 106, "fields": {"action_time": "2018-05-20T08:56:57.907Z", "user": 1, "content_type": 6, "object_id": "1", "object_repr": "lisa@gmail.com", "action_flag": 1, "change_message": "[{\"added\": {}}]"}}, {"model": "admin.logentry", "pk": 107, "fields": {"action_time": "2018-05-20T08:57:07.560Z", "user": 1, "content_type": 6, "object_id": "2", "object_repr": "joan@gmail.com", "action_flag": 1, "change_message": "[{\"added\": {}}]"}}, {"model": "admin.logentry", "pk": 108, "fields": {"action_time": "2018-05-20T08:57:26.910Z", "user": 1, "content_type": 7, "object_id": "1", "object_repr": "cristwinshoo@gmail.com", "action_flag": 1, "change_message": "[{\"added\": {}}]"}}, {"model": "admin.logentry", "pk": 109, "fields": {"action_time": "2018-05-20T08:57:53.864Z", "user": 1, "content_type": 8, "object_id": "1", "object_repr": "lisa@gmail.com", "action_flag": 1, "change_message": "[{\"added\": {}}]"}}, {"model": "admin.logentry", "pk": 110, "fields": {"action_time": "2018-05-20T08:58:17.566Z", "user": 1, "content_type": 9, "object_id": "2", "object_repr": "cristwinshoo@gmail.com", "action_flag": 1, "change_message": "[{\"added\": {}}]"}}, {"model": "admin.logentry", "pk": 111, "fields": {"action_time": "2018-05-20T08:58:46.165Z", "user": 1, "content_type": 12, "object_id": "1", "object_repr": "she just repeated what i said", "action_flag": 1, "change_message": "[{\"added\": {}}]"}}, {"model": "admin.logentry", "pk": 112, "fields": {"action_time": "2018-05-20T08:59:11.747Z", "user": 1, "content_type": 11, "object_id": "1", "object_repr": "she called soeone an idiot", "action_flag": 1, "change_message": "[{\"added\": {}}]"}}, {"model": "admin.logentry", "pk": 113, "fields": {"action_time": "2018-05-20T08:59:39.590Z", "user": 1, "content_type": 13, "object_id": "1", "object_repr": "why did they call me an idiot", "action_flag": 1, "change_message": "[{\"added\": {}}]"}}, {"model": "admin.logentry", "pk": 114, "fields": {"action_time": "2018-05-20T10:15:12.019Z", "user": 1, "content_type": 7, "object_id": "4", "object_repr": "muhimbili@gmail.com", "action_flag": 1, "change_message": "[{\"added\": {}}]"}}, {"model": "admin.logentry", "pk": 115, "fields": {"action_time": "2018-05-20T14:28:37.170Z", "user": 1, "content_type": 22, "object_id": "199", "object_repr": "criss autobot created a new article", "action_flag": 3, "change_message": ""}}, {"model": "admin.logentry", "pk": 116, "fields": {"action_time": "2018-05-20T14:28:37.251Z", "user": 1, "content_type": 22, "object_id": "198", "object_repr": "criss autobot created a new article", "action_flag": 3, "change_message": ""}}, {"model": "admin.logentry", "pk": 117, "fields": {"action_time": "2018-05-20T14:28:37.340Z", "user": 1, "content_type": 22, "object_id": "197", "object_repr": "your comment has been reported as repeated", "action_flag": 3, "change_message": ""}}, {"model": "admin.logentry", "pk": 118, "fields": {"action_time": "2018-05-20T14:28:37.429Z", "user": 1, "content_type": 22, "object_id": "196", "object_repr": "your answer has been reported as repeated", "action_flag": 3, "change_message": ""}}, {"model": "admin.logentry", "pk": 119, "fields": {"action_time": "2018-05-20T14:28:37.507Z", "user": 1, "content_type": 22, "object_id": "195", "object_repr": "criss autobot commented on your answer", "action_flag": 3, "change_message": ""}}, {"model": "admin.logentry", "pk": 120, "fields": {"action_time": "2018-05-20T14:28:37.607Z", "user": 1, "content_type": 22, "object_id": "194", "object_repr": "criss autobot commented on your answer", "action_flag": 3, "change_message": ""}}, {"model": "admin.logentry", "pk": 121, "fields": {"action_time": "2018-05-20T14:28:37.707Z", "user": 1, "content_type": 22, "object_id": "193", "object_repr": "your question has been reported as out of topic", "action_flag": 3, "change_message": ""}}, {"model": "admin.logentry", "pk": 122, "fields": {"action_time": "2018-05-20T14:28:37.784Z", "user": 1, "content_type": 22, "object_id": "192", "object_repr": "criss autobot created a new question", "action_flag": 3, "change_message": ""}}, {"model": "admin.logentry", "pk": 123, "fields": {"action_time": "2018-05-20T14:28:37.862Z", "user": 1, "content_type": 22, "object_id": "191", "object_repr": "criss autobot created a new question", "action_flag": 3, "change_message": ""}}, {"model": "admin.logentry", "pk": 124, "fields": {"action_time": "2018-05-20T14:28:37.940Z", "user": 1, "content_type": 22, "object_id": "190", "object_repr": "criss autobot created a new question", "action_flag": 3, "change_message": ""}}, {"model": "admin.logentry", "pk": 125, "fields": {"action_time": "2018-05-20T14:28:38.185Z", "user": 1, "content_type": 22, "object_id": "189", "object_repr": "criss autobot created a new question", "action_flag": 3, "change_message": ""}}, {"model": "admin.logentry", "pk": 126, "fields": {"action_time": "2018-05-20T14:28:38.273Z", "user": 1, "content_type": 22, "object_id": "188", "object_repr": "new answer is posted to why did they call me an idiot", "action_flag": 3, "change_message": ""}}, {"model": "admin.logentry", "pk": 127, "fields": {"action_time": "2018-05-20T14:28:38.351Z", "user": 1, "content_type": 22, "object_id": "187", "object_repr": "new answer is posted to why did they call me an idiot", "action_flag": 3, "change_message": ""}}, {"model": "admin.logentry", "pk": 128, "fields": {"action_time": "2018-05-20T14:28:38.429Z", "user": 1, "content_type": 22, "object_id": "186", "object_repr": "criss autobot answered a question", "action_flag": 3, "change_message": ""}}, {"model": "admin.logentry", "pk": 129, "fields": {"action_time": "2018-05-20T14:28:38.506Z", "user": 1, "content_type": 22, "object_id": "185", "object_repr": "criss autobot answered a question", "action_flag": 3, "change_message": ""}}, {"model": "admin.logentry", "pk": 130, "fields": {"action_time": "2018-05-20T14:28:38.596Z", "user": 1, "content_type": 22, "object_id": "184", "object_repr": "new answer is posted to why did they call me an idiot", "action_flag": 3, "change_message": ""}}, {"model": "admin.logentry", "pk": 131, "fields": {"action_time": "2018-05-20T14:28:38.673Z", "user": 1, "content_type": 22, "object_id": "183", "object_repr": "new answer is posted to why did they call me an idiot", "action_flag": 3, "change_message": ""}}, {"model": "admin.logentry", "pk": 132, "fields": {"action_time": "2018-05-20T14:28:38.762Z", "user": 1, "content_type": 22, "object_id": "182", "object_repr": "criss autobot answered a question", "action_flag": 3, "change_message": ""}}, {"model": "admin.logentry", "pk": 133, "fields": {"action_time": "2018-05-20T14:28:38.851Z", "user": 1, "content_type": 22, "object_id": "181", "object_repr": "criss autobot answered a question", "action_flag": 3, "change_message": ""}}, {"model": "admin.logentry", "pk": 134, "fields": {"action_time": "2018-05-20T14:28:38.929Z", "user": 1, "content_type": 22, "object_id": "180", "object_repr": "your question has been reported as not helpful", "action_flag": 3, "change_message": ""}}, {"model": "admin.logentry", "pk": 135, "fields": {"action_time": "2018-05-20T14:28:39.007Z", "user": 1, "content_type": 22, "object_id": "179", "object_repr": "your answer has been reported as offensive", "action_flag": 3, "change_message": ""}}, {"model": "admin.logentry", "pk": 136, "fields": {"action_time": "2018-05-20T14:28:39.085Z", "user": 1, "content_type": 22, "object_id": "178", "object_repr": "your comment has been reported as repeated", "action_flag": 3, "change_message": ""}}, {"model": "admin.logentry", "pk": 137, "fields": {"action_time": "2018-05-20T14:28:39.162Z", "user": 1, "content_type": 22, "object_id": "177", "object_repr": "lisa grey commented on your answer", "action_flag": 3, "change_message": ""}}, {"model": "admin.logentry", "pk": 138, "fields": {"action_time": "2018-05-20T14:28:39.240Z", "user": 1, "content_type": 22, "object_id": "176", "object_repr": "joan francis upvoted your answer", "action_flag": 3, "change_message": ""}}, {"model": "admin.logentry", "pk": 139, "fields": {"action_time": "2018-05-20T14:28:39.329Z", "user": 1, "content_type": 22, "object_id": "175", "object_repr": "lisa grey upvoted your answer", "action_flag": 3, "change_message": ""}}, {"model": "admin.logentry", "pk": 140, "fields": {"action_time": "2018-05-20T14:28:39.418Z", "user": 1, "content_type": 22, "object_id": "174", "object_repr": "mariam kiria upvoted your article", "action_flag": 3, "change_message": ""}}, {"model": "admin.logentry", "pk": 141, "fields": {"action_time": "2018-05-20T14:28:39.507Z", "user": 1, "content_type": 22, "object_id": "173", "object_repr": "new answer is posted to why did they call me an idiot", "action_flag": 3, "change_message": ""}}, {"model": "admin.logentry", "pk": 142, "fields": {"action_time": "2018-05-20T14:28:39.596Z", "user": 1, "content_type": 22, "object_id": "172", "object_repr": "joan francis answered a question", "action_flag": 3, "change_message": ""}}, {"model": "admin.logentry", "pk": 143, "fields": {"action_time": "2018-05-20T14:28:39.685Z", "user": 1, "content_type": 22, "object_id": "171", "object_repr": "mariam kiria created a new question", "action_flag": 3, "change_message": ""}}, {"model": "admin.logentry", "pk": 144, "fields": {"action_time": "2018-05-20T14:28:39.773Z", "user": 1, "content_type": 22, "object_id": "170", "object_repr": "mariam kiria created a new question", "action_flag": 3, "change_message": ""}}, {"model": "admin.logentry", "pk": 145, "fields": {"action_time": "2018-05-20T14:28:39.862Z", "user": 1, "content_type": 22, "object_id": "169", "object_repr": "mariam kiria created a new question", "action_flag": 3, "change_message": ""}}, {"model": "admin.logentry", "pk": 146, "fields": {"action_time": "2018-05-20T14:28:39.940Z", "user": 1, "content_type": 22, "object_id": "168", "object_repr": "criss autobot commented on your article", "action_flag": 3, "change_message": ""}}, {"model": "admin.logentry", "pk": 147, "fields": {"action_time": "2018-05-20T14:28:40.018Z", "user": 1, "content_type": 22, "object_id": "167", "object_repr": "criss autobot created a new article", "action_flag": 3, "change_message": ""}}, {"model": "admin.logentry", "pk": 148, "fields": {"action_time": "2018-05-20T14:28:40.096Z", "user": 1, "content_type": 22, "object_id": "166", "object_repr": "criss autobot created a new article", "action_flag": 3, "change_message": ""}}, {"model": "admin.logentry", "pk": 149, "fields": {"action_time": "2018-05-20T14:28:40.173Z", "user": 1, "content_type": 22, "object_id": "165", "object_repr": "criss autobot created a new article", "action_flag": 3, "change_message": ""}}, {"model": "admin.logentry", "pk": 150, "fields": {"action_time": "2018-05-20T14:28:40.251Z", "user": 1, "content_type": 22, "object_id": "164", "object_repr": "criss autobot created a new article", "action_flag": 3, "change_message": ""}}, {"model": "admin.logentry", "pk": 151, "fields": {"action_time": "2018-05-20T14:28:40.329Z", "user": 1, "content_type": 22, "object_id": "163", "object_repr": "lisa grey created a new article", "action_flag": 3, "change_message": ""}}, {"model": "admin.logentry", "pk": 152, "fields": {"action_time": "2018-05-20T14:28:40.476Z", "user": 1, "content_type": 22, "object_id": "162", "object_repr": "your comment is reported as repeated", "action_flag": 3, "change_message": ""}}, {"model": "admin.logentry", "pk": 153, "fields": {"action_time": "2018-05-20T14:28:40.868Z", "user": 1, "content_type": 22, "object_id": "161", "object_repr": "your comment is reported as offensive", "action_flag": 3, "change_message": ""}}, {"model": "admin.logentry", "pk": 154, "fields": {"action_time": "2018-05-20T14:28:40.995Z", "user": 1, "content_type": 22, "object_id": "160", "object_repr": "lisa grey commented on your article", "action_flag": 3, "change_message": ""}}, {"model": "admin.logentry", "pk": 155, "fields": {"action_time": "2018-05-20T14:28:41.084Z", "user": 1, "content_type": 22, "object_id": "159", "object_repr": "lisa grey commented on your article", "action_flag": 3, "change_message": ""}}, {"model": "admin.logentry", "pk": 156, "fields": {"action_time": "2018-05-20T14:28:41.162Z", "user": 1, "content_type": 22, "object_id": "158", "object_repr": "lisa grey commented on your article", "action_flag": 3, "change_message": ""}}, {"model": "admin.logentry", "pk": 157, "fields": {"action_time": "2018-05-20T14:28:41.240Z", "user": 1, "content_type": 22, "object_id": "157", "object_repr": "lisa grey upvoted your article", "action_flag": 3, "change_message": ""}}, {"model": "admin.logentry", "pk": 158, "fields": {"action_time": "2018-05-20T14:28:41.317Z", "user": 1, "content_type": 22, "object_id": "156", "object_repr": "lisa grey downvoted your article", "action_flag": 3, "change_message": ""}}, {"model": "admin.logentry", "pk": 159, "fields": {"action_time": "2018-05-20T14:28:41.395Z", "user": 1, "content_type": 22, "object_id": "155", "object_repr": "lisa grey upvoted your article", "action_flag": 3, "change_message": ""}}, {"model": "admin.logentry", "pk": 160, "fields": {"action_time": "2018-05-20T14:28:41.473Z", "user": 1, "content_type": 22, "object_id": "154", "object_repr": "lisa grey upvoted your article", "action_flag": 3, "change_message": ""}}, {"model": "admin.logentry", "pk": 161, "fields": {"action_time": "2018-05-20T14:28:41.551Z", "user": 1, "content_type": 22, "object_id": "153", "object_repr": "lisa grey upvoted your article", "action_flag": 3, "change_message": ""}}, {"model": "admin.logentry", "pk": 162, "fields": {"action_time": "2018-05-20T14:28:41.629Z", "user": 1, "content_type": 22, "object_id": "152", "object_repr": "lisa grey upvoted your article", "action_flag": 3, "change_message": ""}}, {"model": "admin.logentry", "pk": 163, "fields": {"action_time": "2018-05-20T14:28:41.707Z", "user": 1, "content_type": 22, "object_id": "151", "object_repr": "lisa grey upvoted your article", "action_flag": 3, "change_message": ""}}, {"model": "admin.logentry", "pk": 164, "fields": {"action_time": "2018-05-20T14:28:41.784Z", "user": 1, "content_type": 22, "object_id": "150", "object_repr": "lisa grey upvoted your article", "action_flag": 3, "change_message": ""}}, {"model": "admin.logentry", "pk": 165, "fields": {"action_time": "2018-05-20T14:28:41.874Z", "user": 1, "content_type": 22, "object_id": "149", "object_repr": "lisa grey upvoted your article", "action_flag": 3, "change_message": ""}}, {"model": "admin.logentry", "pk": 166, "fields": {"action_time": "2018-05-20T14:28:41.951Z", "user": 1, "content_type": 22, "object_id": "148", "object_repr": "lisa grey upvoted your article", "action_flag": 3, "change_message": ""}}, {"model": "admin.logentry", "pk": 167, "fields": {"action_time": "2018-05-20T14:28:42.028Z", "user": 1, "content_type": 22, "object_id": "147", "object_repr": "lisa grey created a new article", "action_flag": 3, "change_message": ""}}, {"model": "admin.logentry", "pk": 168, "fields": {"action_time": "2018-05-20T14:28:42.106Z", "user": 1, "content_type": 22, "object_id": "146", "object_repr": "lisa grey created a new article", "action_flag": 3, "change_message": ""}}, {"model": "admin.logentry", "pk": 169, "fields": {"action_time": "2018-05-20T14:28:42.196Z", "user": 1, "content_type": 22, "object_id": "145", "object_repr": "lisa grey created a new article", "action_flag": 3, "change_message": ""}}, {"model": "admin.logentry", "pk": 170, "fields": {"action_time": "2018-05-20T14:28:42.273Z", "user": 1, "content_type": 22, "object_id": "144", "object_repr": "lisa grey created a new article", "action_flag": 3, "change_message": ""}}, {"model": "admin.logentry", "pk": 171, "fields": {"action_time": "2018-05-20T14:28:42.351Z", "user": 1, "content_type": 22, "object_id": "143", "object_repr": "lisa grey created a new article", "action_flag": 3, "change_message": ""}}, {"model": "admin.logentry", "pk": 172, "fields": {"action_time": "2018-05-20T14:28:42.429Z", "user": 1, "content_type": 22, "object_id": "142", "object_repr": "lisa grey created a new article", "action_flag": 3, "change_message": ""}}, {"model": "admin.logentry", "pk": 173, "fields": {"action_time": "2018-05-20T14:28:42.506Z", "user": 1, "content_type": 22, "object_id": "141", "object_repr": "criss autobot created a new article", "action_flag": 3, "change_message": ""}}, {"model": "admin.logentry", "pk": 174, "fields": {"action_time": "2018-05-20T14:28:42.585Z", "user": 1, "content_type": 22, "object_id": "140", "object_repr": "criss autobot created a new article", "action_flag": 3, "change_message": ""}}, {"model": "admin.logentry", "pk": 175, "fields": {"action_time": "2018-05-20T14:28:42.662Z", "user": 1, "content_type": 22, "object_id": "139", "object_repr": "your article is reported as not helpful", "action_flag": 3, "change_message": ""}}, {"model": "admin.logentry", "pk": 176, "fields": {"action_time": "2018-05-20T14:28:42.729Z", "user": 1, "content_type": 22, "object_id": "138", "object_repr": "criss autobot created a new article", "action_flag": 3, "change_message": ""}}, {"model": "admin.logentry", "pk": 177, "fields": {"action_time": "2018-05-20T14:28:42.818Z", "user": 1, "content_type": 22, "object_id": "137", "object_repr": "criss autobot created a new article", "action_flag": 3, "change_message": ""}}, {"model": "admin.logentry", "pk": 178, "fields": {"action_time": "2018-05-20T14:28:42.907Z", "user": 1, "content_type": 22, "object_id": "136", "object_repr": "joan francis created a new article", "action_flag": 3, "change_message": ""}}, {"model": "admin.logentry", "pk": 179, "fields": {"action_time": "2018-05-20T14:28:43.106Z", "user": 1, "content_type": 22, "object_id": "135", "object_repr": "your article is reported as not helpful", "action_flag": 3, "change_message": ""}}, {"model": "admin.logentry", "pk": 180, "fields": {"action_time": "2018-05-20T14:28:43.195Z", "user": 1, "content_type": 22, "object_id": "134", "object_repr": "joan francis created a new article", "action_flag": 3, "change_message": ""}}, {"model": "admin.logentry", "pk": 181, "fields": {"action_time": "2018-05-20T14:28:43.285Z", "user": 1, "content_type": 22, "object_id": "133", "object_repr": "criss autobot upvoted your article", "action_flag": 3, "change_message": ""}}, {"model": "admin.logentry", "pk": 182, "fields": {"action_time": "2018-05-20T14:28:43.362Z", "user": 1, "content_type": 22, "object_id": "132", "object_repr": "criss autobot downvoted your article", "action_flag": 3, "change_message": ""}}, {"model": "admin.logentry", "pk": 183, "fields": {"action_time": "2018-05-20T14:28:43.440Z", "user": 1, "content_type": 22, "object_id": "131", "object_repr": "criss autobot upvoted your article", "action_flag": 3, "change_message": ""}}, {"model": "admin.logentry", "pk": 184, "fields": {"action_time": "2018-05-20T14:28:43.529Z", "user": 1, "content_type": 22, "object_id": "130", "object_repr": "criss autobot upvoted your article", "action_flag": 3, "change_message": ""}}, {"model": "admin.logentry", "pk": 185, "fields": {"action_time": "2018-05-20T14:28:43.618Z", "user": 1, "content_type": 22, "object_id": "129", "object_repr": "criss autobot upvoted your article", "action_flag": 3, "change_message": ""}}, {"model": "admin.logentry", "pk": 186, "fields": {"action_time": "2018-05-20T14:28:43.707Z", "user": 1, "content_type": 22, "object_id": "128", "object_repr": "Muhimbili created a new article", "action_flag": 3, "change_message": ""}}, {"model": "admin.logentry", "pk": 187, "fields": {"action_time": "2018-05-20T14:28:43.785Z", "user": 1, "content_type": 22, "object_id": "127", "object_repr": "Muhimbili created a new article", "action_flag": 3, "change_message": ""}}, {"model": "admin.logentry", "pk": 188, "fields": {"action_time": "2018-05-20T14:28:43.862Z", "user": 1, "content_type": 22, "object_id": "126", "object_repr": "Muhimbili created a new article", "action_flag": 3, "change_message": ""}}, {"model": "admin.logentry", "pk": 189, "fields": {"action_time": "2018-05-20T14:28:43.951Z", "user": 1, "content_type": 22, "object_id": "125", "object_repr": "Muhimbili created a new article", "action_flag": 3, "change_message": ""}}, {"model": "admin.logentry", "pk": 190, "fields": {"action_time": "2018-05-20T14:28:44.029Z", "user": 1, "content_type": 22, "object_id": "124", "object_repr": "criss autobot upvoted your article", "action_flag": 3, "change_message": ""}}, {"model": "admin.logentry", "pk": 191, "fields": {"action_time": "2018-05-20T14:28:44.118Z", "user": 1, "content_type": 22, "object_id": "123", "object_repr": "criss autobot downvoted your article", "action_flag": 3, "change_message": ""}}, {"model": "admin.logentry", "pk": 192, "fields": {"action_time": "2018-05-20T14:28:44.196Z", "user": 1, "content_type": 22, "object_id": "122", "object_repr": "criss autobot upvoted your article", "action_flag": 3, "change_message": ""}}, {"model": "admin.logentry", "pk": 193, "fields": {"action_time": "2018-05-20T14:28:44.274Z", "user": 1, "content_type": 22, "object_id": "121", "object_repr": "criss autobot downvoted your article", "action_flag": 3, "change_message": ""}}, {"model": "admin.logentry", "pk": 194, "fields": {"action_time": "2018-05-20T14:28:44.362Z", "user": 1, "content_type": 22, "object_id": "120", "object_repr": "criss autobot downvoted your article", "action_flag": 3, "change_message": ""}}, {"model": "admin.logentry", "pk": 195, "fields": {"action_time": "2018-05-20T14:28:44.451Z", "user": 1, "content_type": 22, "object_id": "119", "object_repr": "criss autobot downvoted your article", "action_flag": 3, "change_message": ""}}, {"model": "admin.logentry", "pk": 196, "fields": {"action_time": "2018-05-20T14:28:44.529Z", "user": 1, "content_type": 22, "object_id": "118", "object_repr": "criss autobot downvoted your article", "action_flag": 3, "change_message": ""}}, {"model": "admin.logentry", "pk": 197, "fields": {"action_time": "2018-05-20T14:28:44.618Z", "user": 1, "content_type": 22, "object_id": "117", "object_repr": "criss autobot downvoted your article", "action_flag": 3, "change_message": ""}}, {"model": "admin.logentry", "pk": 198, "fields": {"action_time": "2018-05-20T14:28:44.707Z", "user": 1, "content_type": 22, "object_id": "116", "object_repr": "criss autobot upvoted your article", "action_flag": 3, "change_message": ""}}, {"model": "admin.logentry", "pk": 199, "fields": {"action_time": "2018-05-20T14:28:44.785Z", "user": 1, "content_type": 22, "object_id": "115", "object_repr": "criss autobot downvoted your article", "action_flag": 3, "change_message": ""}}, {"model": "admin.logentry", "pk": 200, "fields": {"action_time": "2018-05-20T14:28:44.862Z", "user": 1, "content_type": 22, "object_id": "114", "object_repr": "criss autobot downvoted your article", "action_flag": 3, "change_message": ""}}, {"model": "admin.logentry", "pk": 201, "fields": {"action_time": "2018-05-20T14:28:44.951Z", "user": 1, "content_type": 22, "object_id": "113", "object_repr": "Muhimbili created a new article", "action_flag": 3, "change_message": ""}}, {"model": "admin.logentry", "pk": 202, "fields": {"action_time": "2018-05-20T14:28:45.040Z", "user": 1, "content_type": 22, "object_id": "112", "object_repr": "Muhimbili created a new article", "action_flag": 3, "change_message": ""}}, {"model": "admin.logentry", "pk": 203, "fields": {"action_time": "2018-05-20T14:28:45.118Z", "user": 1, "content_type": 22, "object_id": "111", "object_repr": "Muhimbili created a new article", "action_flag": 3, "change_message": ""}}, {"model": "admin.logentry", "pk": 204, "fields": {"action_time": "2018-05-20T14:28:45.195Z", "user": 1, "content_type": 22, "object_id": "110", "object_repr": "Muhimbili created a new article", "action_flag": 3, "change_message": ""}}, {"model": "admin.logentry", "pk": 205, "fields": {"action_time": "2018-05-20T14:28:45.274Z", "user": 1, "content_type": 22, "object_id": "109", "object_repr": "Muhimbili created a new article", "action_flag": 3, "change_message": ""}}, {"model": "admin.logentry", "pk": 206, "fields": {"action_time": "2018-05-20T14:28:45.363Z", "user": 1, "content_type": 22, "object_id": "108", "object_repr": "Muhimbili created a new article", "action_flag": 3, "change_message": ""}}, {"model": "admin.logentry", "pk": 207, "fields": {"action_time": "2018-05-20T14:28:45.451Z", "user": 1, "content_type": 22, "object_id": "107", "object_repr": "Muhimbili created a new article", "action_flag": 3, "change_message": ""}}, {"model": "admin.logentry", "pk": 208, "fields": {"action_time": "2018-05-20T14:28:45.643Z", "user": 1, "content_type": 22, "object_id": "106", "object_repr": "Muhimbili created a new article", "action_flag": 3, "change_message": ""}}, {"model": "admin.logentry", "pk": 209, "fields": {"action_time": "2018-05-20T14:28:45.763Z", "user": 1, "content_type": 22, "object_id": "105", "object_repr": "criss autobot downvoted your article", "action_flag": 3, "change_message": ""}}, {"model": "admin.logentry", "pk": 210, "fields": {"action_time": "2018-05-20T14:28:45.840Z", "user": 1, "content_type": 22, "object_id": "104", "object_repr": "criss autobot downvoted your article", "action_flag": 3, "change_message": ""}}, {"model": "admin.logentry", "pk": 211, "fields": {"action_time": "2018-05-20T14:28:45.929Z", "user": 1, "content_type": 22, "object_id": "103", "object_repr": "criss autobot downvoted your article", "action_flag": 3, "change_message": ""}}, {"model": "admin.logentry", "pk": 212, "fields": {"action_time": "2018-05-20T14:28:46.007Z", "user": 1, "content_type": 22, "object_id": "102", "object_repr": "criss autobot downvoted your article", "action_flag": 3, "change_message": ""}}, {"model": "admin.logentry", "pk": 213, "fields": {"action_time": "2018-05-20T14:28:46.084Z", "user": 1, "content_type": 22, "object_id": "101", "object_repr": "criss autobot downvoted your article", "action_flag": 3, "change_message": ""}}, {"model": "admin.logentry", "pk": 214, "fields": {"action_time": "2018-05-20T14:28:46.163Z", "user": 1, "content_type": 22, "object_id": "100", "object_repr": "criss autobot downvoted your article", "action_flag": 3, "change_message": ""}}, {"model": "admin.logentry", "pk": 215, "fields": {"action_time": "2018-05-20T14:29:05.007Z", "user": 1, "content_type": 22, "object_id": "99", "object_repr": "criss autobot downvoted your article", "action_flag": 3, "change_message": ""}}, {"model": "admin.logentry", "pk": 216, "fields": {"action_time": "2018-05-20T14:29:05.109Z", "user": 1, "content_type": 22, "object_id": "98", "object_repr": "criss autobot upvoted your article", "action_flag": 3, "change_message": ""}}, {"model": "admin.logentry", "pk": 217, "fields": {"action_time": "2018-05-20T14:29:05.197Z", "user": 1, "content_type": 22, "object_id": "97", "object_repr": "criss autobot downvoted your article", "action_flag": 3, "change_message": ""}}, {"model": "admin.logentry", "pk": 218, "fields": {"action_time": "2018-05-20T14:29:05.276Z", "user": 1, "content_type": 22, "object_id": "96", "object_repr": "criss autobot downvoted your article", "action_flag": 3, "change_message": ""}}, {"model": "admin.logentry", "pk": 219, "fields": {"action_time": "2018-05-20T14:29:05.353Z", "user": 1, "content_type": 22, "object_id": "95", "object_repr": "criss autobot upvoted your article", "action_flag": 3, "change_message": ""}}, {"model": "admin.logentry", "pk": 220, "fields": {"action_time": "2018-05-20T14:29:05.431Z", "user": 1, "content_type": 22, "object_id": "94", "object_repr": "criss autobot downvoted your article", "action_flag": 3, "change_message": ""}}, {"model": "admin.logentry", "pk": 221, "fields": {"action_time": "2018-05-20T14:29:05.509Z", "user": 1, "content_type": 22, "object_id": "93", "object_repr": "criss autobot upvoted your article", "action_flag": 3, "change_message": ""}}, {"model": "admin.logentry", "pk": 222, "fields": {"action_time": "2018-05-20T14:29:05.586Z", "user": 1, "content_type": 22, "object_id": "92", "object_repr": "criss autobot upvoted your article", "action_flag": 3, "change_message": ""}}, {"model": "admin.logentry", "pk": 223, "fields": {"action_time": "2018-05-20T14:29:05.664Z", "user": 1, "content_type": 22, "object_id": "91", "object_repr": "criss autobot downvoted your article", "action_flag": 3, "change_message": ""}}, {"model": "admin.logentry", "pk": 224, "fields": {"action_time": "2018-05-20T14:29:05.742Z", "user": 1, "content_type": 22, "object_id": "90", "object_repr": "criss autobot upvoted your article", "action_flag": 3, "change_message": ""}}, {"model": "admin.logentry", "pk": 225, "fields": {"action_time": "2018-05-20T14:29:05.831Z", "user": 1, "content_type": 22, "object_id": "89", "object_repr": "criss autobot downvoted your article", "action_flag": 3, "change_message": ""}}, {"model": "admin.logentry", "pk": 226, "fields": {"action_time": "2018-05-20T14:29:05.909Z", "user": 1, "content_type": 22, "object_id": "88", "object_repr": "criss autobot downvoted your article", "action_flag": 3, "change_message": ""}}, {"model": "admin.logentry", "pk": 227, "fields": {"action_time": "2018-05-20T14:29:06.140Z", "user": 1, "content_type": 22, "object_id": "87", "object_repr": "criss autobot downvoted your article", "action_flag": 3, "change_message": ""}}, {"model": "admin.logentry", "pk": 228, "fields": {"action_time": "2018-05-20T14:29:06.297Z", "user": 1, "content_type": 22, "object_id": "86", "object_repr": "criss autobot upvoted your article", "action_flag": 3, "change_message": ""}}, {"model": "admin.logentry", "pk": 229, "fields": {"action_time": "2018-05-20T14:29:06.375Z", "user": 1, "content_type": 22, "object_id": "85", "object_repr": "criss autobot downvoted your article", "action_flag": 3, "change_message": ""}}, {"model": "admin.logentry", "pk": 230, "fields": {"action_time": "2018-05-20T14:29:06.465Z", "user": 1, "content_type": 22, "object_id": "84", "object_repr": "criss autobot upvoted your article", "action_flag": 3, "change_message": ""}}, {"model": "admin.logentry", "pk": 231, "fields": {"action_time": "2018-05-20T14:29:06.554Z", "user": 1, "content_type": 22, "object_id": "83", "object_repr": "criss autobot downvoted your article", "action_flag": 3, "change_message": ""}}, {"model": "admin.logentry", "pk": 232, "fields": {"action_time": "2018-05-20T14:29:06.642Z", "user": 1, "content_type": 22, "object_id": "82", "object_repr": "criss autobot downvoted your article", "action_flag": 3, "change_message": ""}}, {"model": "admin.logentry", "pk": 233, "fields": {"action_time": "2018-05-20T14:29:06.720Z", "user": 1, "content_type": 22, "object_id": "81", "object_repr": "criss autobot upvoted your article", "action_flag": 3, "change_message": ""}}, {"model": "admin.logentry", "pk": 234, "fields": {"action_time": "2018-05-20T14:29:06.820Z", "user": 1, "content_type": 22, "object_id": "80", "object_repr": "criss autobot downvoted your article", "action_flag": 3, "change_message": ""}}, {"model": "admin.logentry", "pk": 235, "fields": {"action_time": "2018-05-20T14:29:06.898Z", "user": 1, "content_type": 22, "object_id": "79", "object_repr": "criss autobot upvoted your article", "action_flag": 3, "change_message": ""}}, {"model": "admin.logentry", "pk": 236, "fields": {"action_time": "2018-05-20T14:29:06.987Z", "user": 1, "content_type": 22, "object_id": "78", "object_repr": "criss autobot downvoted your article", "action_flag": 3, "change_message": ""}}, {"model": "admin.logentry", "pk": 237, "fields": {"action_time": "2018-05-20T14:29:07.065Z", "user": 1, "content_type": 22, "object_id": "77", "object_repr": "criss autobot downvoted your article", "action_flag": 3, "change_message": ""}}, {"model": "admin.logentry", "pk": 238, "fields": {"action_time": "2018-05-20T14:29:07.142Z", "user": 1, "content_type": 22, "object_id": "76", "object_repr": "criss autobot upvoted your article", "action_flag": 3, "change_message": ""}}, {"model": "admin.logentry", "pk": 239, "fields": {"action_time": "2018-05-20T14:29:07.220Z", "user": 1, "content_type": 22, "object_id": "75", "object_repr": "criss autobot downvoted your article", "action_flag": 3, "change_message": ""}}, {"model": "admin.logentry", "pk": 240, "fields": {"action_time": "2018-05-20T14:29:07.309Z", "user": 1, "content_type": 22, "object_id": "74", "object_repr": "criss autobot downvoted your article", "action_flag": 3, "change_message": ""}}, {"model": "admin.logentry", "pk": 241, "fields": {"action_time": "2018-05-20T14:29:07.387Z", "user": 1, "content_type": 22, "object_id": "73", "object_repr": "criss autobot upvoted your article", "action_flag": 3, "change_message": ""}}, {"model": "admin.logentry", "pk": 242, "fields": {"action_time": "2018-05-20T14:29:07.464Z", "user": 1, "content_type": 22, "object_id": "72", "object_repr": "criss autobot upvoted your article", "action_flag": 3, "change_message": ""}}, {"model": "admin.logentry", "pk": 243, "fields": {"action_time": "2018-05-20T14:29:07.542Z", "user": 1, "content_type": 22, "object_id": "71", "object_repr": "criss autobot upvoted your article", "action_flag": 3, "change_message": ""}}, {"model": "admin.logentry", "pk": 244, "fields": {"action_time": "2018-05-20T14:29:07.620Z", "user": 1, "content_type": 22, "object_id": "70", "object_repr": "criss autobot upvoted your article", "action_flag": 3, "change_message": ""}}, {"model": "admin.logentry", "pk": 245, "fields": {"action_time": "2018-05-20T14:29:07.709Z", "user": 1, "content_type": 22, "object_id": "69", "object_repr": "criss autobot upvoted your article", "action_flag": 3, "change_message": ""}}, {"model": "admin.logentry", "pk": 246, "fields": {"action_time": "2018-05-20T14:29:07.798Z", "user": 1, "content_type": 22, "object_id": "68", "object_repr": "criss autobot upvoted your article", "action_flag": 3, "change_message": ""}}, {"model": "admin.logentry", "pk": 247, "fields": {"action_time": "2018-05-20T14:29:07.876Z", "user": 1, "content_type": 22, "object_id": "67", "object_repr": "criss autobot upvoted your article", "action_flag": 3, "change_message": ""}}, {"model": "admin.logentry", "pk": 248, "fields": {"action_time": "2018-05-20T14:29:07.953Z", "user": 1, "content_type": 22, "object_id": "66", "object_repr": "criss autobot upvoted your article", "action_flag": 3, "change_message": ""}}, {"model": "admin.logentry", "pk": 249, "fields": {"action_time": "2018-05-20T14:29:08.031Z", "user": 1, "content_type": 22, "object_id": "65", "object_repr": "criss autobot upvoted your article", "action_flag": 3, "change_message": ""}}, {"model": "admin.logentry", "pk": 250, "fields": {"action_time": "2018-05-20T14:29:08.120Z", "user": 1, "content_type": 22, "object_id": "64", "object_repr": "criss autobot upvoted your article", "action_flag": 3, "change_message": ""}}, {"model": "admin.logentry", "pk": 251, "fields": {"action_time": "2018-05-20T14:29:08.353Z", "user": 1, "content_type": 22, "object_id": "63", "object_repr": "criss autobot upvoted your article", "action_flag": 3, "change_message": ""}}, {"model": "admin.logentry", "pk": 252, "fields": {"action_time": "2018-05-20T14:29:08.442Z", "user": 1, "content_type": 22, "object_id": "62", "object_repr": "criss autobot upvoted your article", "action_flag": 3, "change_message": ""}}, {"model": "admin.logentry", "pk": 253, "fields": {"action_time": "2018-05-20T14:29:08.531Z", "user": 1, "content_type": 22, "object_id": "61", "object_repr": "criss autobot upvoted your article", "action_flag": 3, "change_message": ""}}, {"model": "admin.logentry", "pk": 254, "fields": {"action_time": "2018-05-20T14:29:08.609Z", "user": 1, "content_type": 22, "object_id": "60", "object_repr": "criss autobot upvoted your article", "action_flag": 3, "change_message": ""}}, {"model": "admin.logentry", "pk": 255, "fields": {"action_time": "2018-05-20T14:29:08.687Z", "user": 1, "content_type": 22, "object_id": "59", "object_repr": "criss autobot upvoted your article", "action_flag": 3, "change_message": ""}}, {"model": "admin.logentry", "pk": 256, "fields": {"action_time": "2018-05-20T14:29:08.776Z", "user": 1, "content_type": 22, "object_id": "58", "object_repr": "criss autobot upvoted your article", "action_flag": 3, "change_message": ""}}, {"model": "admin.logentry", "pk": 257, "fields": {"action_time": "2018-05-20T14:29:08.854Z", "user": 1, "content_type": 22, "object_id": "57", "object_repr": "criss autobot upvoted your article", "action_flag": 3, "change_message": ""}}, {"model": "admin.logentry", "pk": 258, "fields": {"action_time": "2018-05-20T14:29:08.942Z", "user": 1, "content_type": 22, "object_id": "56", "object_repr": "criss autobot upvoted your article", "action_flag": 3, "change_message": ""}}, {"model": "admin.logentry", "pk": 259, "fields": {"action_time": "2018-05-20T14:29:09.043Z", "user": 1, "content_type": 22, "object_id": "55", "object_repr": "Muhimbili created a new article", "action_flag": 3, "change_message": ""}}, {"model": "admin.logentry", "pk": 260, "fields": {"action_time": "2018-05-20T14:29:09.120Z", "user": 1, "content_type": 22, "object_id": "54", "object_repr": "Muhimbili created a new article", "action_flag": 3, "change_message": ""}}, {"model": "admin.logentry", "pk": 261, "fields": {"action_time": "2018-05-20T14:29:09.198Z", "user": 1, "content_type": 22, "object_id": "53", "object_repr": "Muhimbili created a new article", "action_flag": 3, "change_message": ""}}, {"model": "admin.logentry", "pk": 262, "fields": {"action_time": "2018-05-20T14:29:09.276Z", "user": 1, "content_type": 22, "object_id": "52", "object_repr": "Muhimbili created a new article", "action_flag": 3, "change_message": ""}}, {"model": "admin.logentry", "pk": 263, "fields": {"action_time": "2018-05-20T14:29:09.353Z", "user": 1, "content_type": 22, "object_id": "51", "object_repr": "Muhimbili created a new article", "action_flag": 3, "change_message": ""}}, {"model": "admin.logentry", "pk": 264, "fields": {"action_time": "2018-05-20T14:29:09.431Z", "user": 1, "content_type": 22, "object_id": "50", "object_repr": "Muhimbili created a new article", "action_flag": 3, "change_message": ""}}, {"model": "admin.logentry", "pk": 265, "fields": {"action_time": "2018-05-20T14:29:09.509Z", "user": 1, "content_type": 22, "object_id": "49", "object_repr": "Muhimbili created a new article", "action_flag": 3, "change_message": ""}}, {"model": "admin.logentry", "pk": 266, "fields": {"action_time": "2018-05-20T14:29:09.587Z", "user": 1, "content_type": 22, "object_id": "48", "object_repr": "Muhimbili created a new article", "action_flag": 3, "change_message": ""}}, {"model": "admin.logentry", "pk": 267, "fields": {"action_time": "2018-05-20T14:29:09.676Z", "user": 1, "content_type": 22, "object_id": "47", "object_repr": "Muhimbili created a new article", "action_flag": 3, "change_message": ""}}, {"model": "admin.logentry", "pk": 268, "fields": {"action_time": "2018-05-20T14:29:09.765Z", "user": 1, "content_type": 22, "object_id": "46", "object_repr": "Muhimbili created a new article", "action_flag": 3, "change_message": ""}}, {"model": "admin.logentry", "pk": 269, "fields": {"action_time": "2018-05-20T14:29:09.842Z", "user": 1, "content_type": 22, "object_id": "45", "object_repr": "Muhimbili created a new article", "action_flag": 3, "change_message": ""}}, {"model": "admin.logentry", "pk": 270, "fields": {"action_time": "2018-05-20T14:29:09.920Z", "user": 1, "content_type": 22, "object_id": "44", "object_repr": "Muhimbili created a new article", "action_flag": 3, "change_message": ""}}, {"model": "admin.logentry", "pk": 271, "fields": {"action_time": "2018-05-20T14:29:10.009Z", "user": 1, "content_type": 22, "object_id": "43", "object_repr": "Muhimbili created a new article", "action_flag": 3, "change_message": ""}}, {"model": "admin.logentry", "pk": 272, "fields": {"action_time": "2018-05-20T14:29:10.087Z", "user": 1, "content_type": 22, "object_id": "42", "object_repr": "Muhimbili created a new article", "action_flag": 3, "change_message": ""}}, {"model": "admin.logentry", "pk": 273, "fields": {"action_time": "2018-05-20T14:29:10.165Z", "user": 1, "content_type": 22, "object_id": "41", "object_repr": "Muhimbili created a new article", "action_flag": 3, "change_message": ""}}, {"model": "admin.logentry", "pk": 274, "fields": {"action_time": "2018-05-20T14:29:10.265Z", "user": 1, "content_type": 22, "object_id": "40", "object_repr": "Muhimbili created a new article", "action_flag": 3, "change_message": ""}}, {"model": "admin.logentry", "pk": 275, "fields": {"action_time": "2018-05-20T14:29:10.407Z", "user": 1, "content_type": 22, "object_id": "39", "object_repr": "Muhimbili created a new article", "action_flag": 3, "change_message": ""}}, {"model": "admin.logentry", "pk": 276, "fields": {"action_time": "2018-05-20T14:29:10.720Z", "user": 1, "content_type": 22, "object_id": "38", "object_repr": "Muhimbili created a new article", "action_flag": 3, "change_message": ""}}, {"model": "admin.logentry", "pk": 277, "fields": {"action_time": "2018-05-20T14:29:10.898Z", "user": 1, "content_type": 22, "object_id": "37", "object_repr": "Muhimbili created a new article", "action_flag": 3, "change_message": ""}}, {"model": "admin.logentry", "pk": 278, "fields": {"action_time": "2018-05-20T14:29:10.976Z", "user": 1, "content_type": 22, "object_id": "36", "object_repr": "Muhimbili created a new article", "action_flag": 3, "change_message": ""}}, {"model": "admin.logentry", "pk": 279, "fields": {"action_time": "2018-05-20T14:29:11.068Z", "user": 1, "content_type": 22, "object_id": "35", "object_repr": "your article is reported as not helpful", "action_flag": 3, "change_message": ""}}, {"model": "admin.logentry", "pk": 280, "fields": {"action_time": "2018-05-20T14:29:11.366Z", "user": 1, "content_type": 22, "object_id": "34", "object_repr": "your comment is reported as offensive", "action_flag": 3, "change_message": ""}}, {"model": "admin.logentry", "pk": 281, "fields": {"action_time": "2018-05-20T14:29:11.735Z", "user": 1, "content_type": 22, "object_id": "33", "object_repr": "criss autobot commented on your article", "action_flag": 3, "change_message": ""}}, {"model": "admin.logentry", "pk": 282, "fields": {"action_time": "2018-05-20T14:29:11.865Z", "user": 1, "content_type": 22, "object_id": "32", "object_repr": "joan francis commented on your article", "action_flag": 3, "change_message": ""}}, {"model": "admin.logentry", "pk": 283, "fields": {"action_time": "2018-05-20T14:29:11.954Z", "user": 1, "content_type": 22, "object_id": "31", "object_repr": "lisa grey commented on your article", "action_flag": 3, "change_message": ""}}, {"model": "admin.logentry", "pk": 284, "fields": {"action_time": "2018-05-20T14:29:12.032Z", "user": 1, "content_type": 22, "object_id": "30", "object_repr": "criss autobot commented on your article", "action_flag": 3, "change_message": ""}}, {"model": "admin.logentry", "pk": 285, "fields": {"action_time": "2018-05-20T14:29:12.132Z", "user": 1, "content_type": 22, "object_id": "29", "object_repr": "mariam kiria commented on your article", "action_flag": 3, "change_message": ""}}, {"model": "admin.logentry", "pk": 286, "fields": {"action_time": "2018-05-20T14:29:12.210Z", "user": 1, "content_type": 22, "object_id": "28", "object_repr": "lisa grey commented on your article", "action_flag": 3, "change_message": ""}}, {"model": "admin.logentry", "pk": 287, "fields": {"action_time": "2018-05-20T14:29:12.309Z", "user": 1, "content_type": 22, "object_id": "27", "object_repr": "sara klause commented on your article", "action_flag": 3, "change_message": ""}}, {"model": "admin.logentry", "pk": 288, "fields": {"action_time": "2018-05-20T14:29:12.399Z", "user": 1, "content_type": 22, "object_id": "26", "object_repr": "criss autobot commented on your article", "action_flag": 3, "change_message": ""}}, {"model": "admin.logentry", "pk": 289, "fields": {"action_time": "2018-05-20T14:29:12.498Z", "user": 1, "content_type": 22, "object_id": "25", "object_repr": "mariam kiria downvoted your article", "action_flag": 3, "change_message": ""}}, {"model": "admin.logentry", "pk": 290, "fields": {"action_time": "2018-05-20T14:29:12.576Z", "user": 1, "content_type": 22, "object_id": "24", "object_repr": "lisa grey upvoted your article", "action_flag": 3, "change_message": ""}}, {"model": "admin.logentry", "pk": 291, "fields": {"action_time": "2018-05-20T14:29:12.654Z", "user": 1, "content_type": 22, "object_id": "23", "object_repr": "criss autobot downvoted your article", "action_flag": 3, "change_message": ""}}, {"model": "admin.logentry", "pk": 292, "fields": {"action_time": "2018-05-20T14:29:12.732Z", "user": 1, "content_type": 22, "object_id": "22", "object_repr": "mariam kiria downvoted your article", "action_flag": 3, "change_message": ""}}, {"model": "admin.logentry", "pk": 293, "fields": {"action_time": "2018-05-20T14:29:12.809Z", "user": 1, "content_type": 22, "object_id": "21", "object_repr": "joan francis upvoted your article", "action_flag": 3, "change_message": ""}}, {"model": "admin.logentry", "pk": 294, "fields": {"action_time": "2018-05-20T14:29:12.887Z", "user": 1, "content_type": 22, "object_id": "20", "object_repr": "lisa grey upvoted your article", "action_flag": 3, "change_message": ""}}, {"model": "admin.logentry", "pk": 295, "fields": {"action_time": "2018-05-20T14:29:12.965Z", "user": 1, "content_type": 22, "object_id": "19", "object_repr": "sara klause upvoted your article", "action_flag": 3, "change_message": ""}}, {"model": "admin.logentry", "pk": 296, "fields": {"action_time": "2018-05-20T14:29:13.043Z", "user": 1, "content_type": 22, "object_id": "18", "object_repr": "criss autobot upvoted your article", "action_flag": 3, "change_message": ""}}, {"model": "admin.logentry", "pk": 297, "fields": {"action_time": "2018-05-20T14:29:13.143Z", "user": 1, "content_type": 22, "object_id": "17", "object_repr": "joan francis created a new article", "action_flag": 3, "change_message": ""}}, {"model": "admin.logentry", "pk": 298, "fields": {"action_time": "2018-05-20T14:29:13.243Z", "user": 1, "content_type": 22, "object_id": "16", "object_repr": "Muhimbili created a new article", "action_flag": 3, "change_message": ""}}, {"model": "admin.logentry", "pk": 299, "fields": {"action_time": "2018-05-20T14:29:13.343Z", "user": 1, "content_type": 22, "object_id": "15", "object_repr": "Muhimbili created a new article", "action_flag": 3, "change_message": ""}}, {"model": "admin.logentry", "pk": 300, "fields": {"action_time": "2018-05-20T14:29:13.521Z", "user": 1, "content_type": 22, "object_id": "14", "object_repr": "Muhimbili created a new article", "action_flag": 3, "change_message": ""}}, {"model": "admin.logentry", "pk": 301, "fields": {"action_time": "2018-05-20T14:29:13.621Z", "user": 1, "content_type": 22, "object_id": "13", "object_repr": "Muhimbili created a new article", "action_flag": 3, "change_message": ""}}, {"model": "admin.logentry", "pk": 302, "fields": {"action_time": "2018-05-20T14:29:13.699Z", "user": 1, "content_type": 22, "object_id": "12", "object_repr": "joan francis is following you", "action_flag": 3, "change_message": ""}}, {"model": "admin.logentry", "pk": 303, "fields": {"action_time": "2018-05-20T14:29:13.788Z", "user": 1, "content_type": 22, "object_id": "11", "object_repr": "lisa grey is following you", "action_flag": 3, "change_message": ""}}, {"model": "admin.logentry", "pk": 304, "fields": {"action_time": "2018-05-20T14:29:13.876Z", "user": 1, "content_type": 22, "object_id": "10", "object_repr": "sara klause is following you", "action_flag": 3, "change_message": ""}}, {"model": "admin.logentry", "pk": 305, "fields": {"action_time": "2018-05-20T14:29:13.954Z", "user": 1, "content_type": 22, "object_id": "9", "object_repr": "criss autobot is following you", "action_flag": 3, "change_message": ""}}, {"model": "admin.logentry", "pk": 306, "fields": {"action_time": "2018-05-20T14:29:14.032Z", "user": 1, "content_type": 22, "object_id": "8", "object_repr": "criss autobot is following you", "action_flag": 3, "change_message": ""}}, {"model": "admin.logentry", "pk": 307, "fields": {"action_time": "2018-05-20T14:29:14.110Z", "user": 1, "content_type": 22, "object_id": "7", "object_repr": "criss autobot is following you", "action_flag": 3, "change_message": ""}}, {"model": "admin.logentry", "pk": 308, "fields": {"action_time": "2018-05-20T14:29:14.187Z", "user": 1, "content_type": 22, "object_id": "6", "object_repr": "sara klause is following you", "action_flag": 3, "change_message": ""}}, {"model": "admin.logentry", "pk": 309, "fields": {"action_time": "2018-05-20T14:29:14.265Z", "user": 1, "content_type": 22, "object_id": "5", "object_repr": "joan francis is following you", "action_flag": 3, "change_message": ""}}, {"model": "admin.logentry", "pk": 310, "fields": {"action_time": "2018-05-20T14:29:14.343Z", "user": 1, "content_type": 22, "object_id": "4", "object_repr": "joan francis is following you", "action_flag": 3, "change_message": ""}}, {"model": "admin.logentry", "pk": 311, "fields": {"action_time": "2018-05-20T14:29:14.421Z", "user": 1, "content_type": 22, "object_id": "3", "object_repr": "lisa grey is following you", "action_flag": 3, "change_message": ""}}, {"model": "admin.logentry", "pk": 312, "fields": {"action_time": "2018-05-20T14:29:14.498Z", "user": 1, "content_type": 22, "object_id": "2", "object_repr": "criss autobot is following you", "action_flag": 3, "change_message": ""}}, {"model": "admin.logentry", "pk": 313, "fields": {"action_time": "2018-05-20T14:29:14.576Z", "user": 1, "content_type": 22, "object_id": "1", "object_repr": "criss autobot is following you", "action_flag": 3, "change_message": ""}}]